ID,Admission rate (%),Admission yield (%),Admissions total,Applicants total
C0001,90,20,5521,6142
C0002,87,36,4934,5689
C0003,,,,
C0004,81,39,1656,2054
C0005,51,28,5251,10245
C0006,57,37,17515,30975
C0007,,,,
C0008,84,35,1639,1958
C0009,83,29,13027,15745
C0010,64,29,1240,1931
C0011,,,,
C0012,,,,
C0013,63,28,923,1470
C0014,83,45,2567,3083
C0015,74,34,198,268
C0016,100,83,460,462
C0017,,,,
C0018,71,42,617,866
C0019,87,44,1209,1385
C0020,81,47,2057,2542
C0021,34,44,937,2728
C0022,77,29,2653,3447
C0023,86,45,4142,4814
C0024,46,14,3052,6596
C0025,43,15,1772,4121
C0026,,,,
C0027,68,51,4056,5946
C0028,35,18,3519,10022
C0029,,,,
C0030,,,,
C0031,,,,
C0032,37,18,185,494
C0033,,,,
C0034,80,41,17465,21770
C0035,77,37,20251,26329
C0036,79,34,1334,1689
C0037,91,15,31057,33989
C0038,,,,
C0039,73,17,291,399
C0040,61,43,209,344
C0041,53,88,761,1443
C0042,,,,
C0043,59,23,772,1309
C0044,59,39,11076,18908
C0045,28,50,1134,4094
C0046,76,44,3653,4838
C0047,85,54,3271,3847
C0048,,,,
C0049,90,66,3292,3659
C0050,54,44,292,540
C0051,76,63,1663,2180
C0052,62,34,2084,3350
C0053,80,28,1550,1928
C0054,70,38,798,1143
C0055,70,32,1220,1740
C0056,61,24,651,1061
C0057,,,,
C0058,68,43,361,531
C0059,61,40,1654,2720
C0060,57,60,2240,3905
C0061,80,29,4255,5329
C0062,73,26,3509,4816
C0063,,,,
C0064,79,33,3036,3853
C0065,11,43,584,5535
C0066,48,16,3323,6920
C0067,31,32,11537,36941
C0068,49,44,63,128
C0069,66,30,4393,6630
C0070,72,27,4158,5763
C0071,58,34,7137,12239
C0072,52,21,14686,28143
C0073,72,22,12327,17215
C0074,57,14,8472,14742
C0075,58,33,9444,16242
C0076,46,25,17817,38909
C0077,69,18,8756,12741
C0078,31,25,16956,55019
C0079,68,16,18448,27321
C0080,46,31,13566,29339
C0081,70,23,13728,19702
C0082,18,37,11108,61717
C0083,45,23,22526,49820
C0084,42,21,23956,56515
C0085,22,35,15981,72676
C0086,62,21,18843,30391
C0087,38,20,22812,60832
C0088,44,19,24556,55258
C0089,60,19,19851,33137
C0090,75,30,668,893
C0091,45,25,5253,11750
C0092,91,20,1874,2055
C0093,49,36,276,561
C0094,,,,
C0095,12,52,647,5518
C0096,100,73,82,82
C0097,78,17,1800,2322
C0098,,,,
C0099,78,38,553,705
C0100,,,0,0
C0101,18,34,643,3539
C0102,57,27,318,561
C0103,80,15,8000,9978
C0104,,,,
C0105,,,,
C0106,59,39,59,100
C0107,39,23,2722,6989
C0108,,,,
C0109,47,29,1627,3479
C0110,61,40,521,849
C0111,54,22,6209,11472
C0112,37,9,1519,4100
C0113,68,17,1242,1827
C0114,,,,
C0115,74,33,1716,2316
C0116,,,,
C0117,87,10,1676,1922
C0118,42,21,2574,6072
C0119,47,41,191,408
C0120,51,32,1063,2103
C0121,73,9,10332,14222
C0122,37,22,3630,9721
C0123,15,44,597,4115
C0124,67,31,2088,3138
C0125,14,40,996,7153
C0126,67,21,3137,4668
C0127,31,26,15970,51163
C0128,49,17,7178,14693
C0129,64,19,20070,31462
C0130,61,13,9076,14808
C0131,63,21,15967,25155
C0132,51,17,7344,14339
C0133,36,32,849,2378
C0134,55,47,318,573
C0135,69,18,3379,4864
C0136,82,16,10758,13142
C0137,70,38,1043,1495
C0138,20,31,9395,47358
C0139,79,62,141,178
C0140,70,20,1505,2145
C0141,63,16,2771,4381
C0142,56,24,490,879
C0143,53,37,1398,2658
C0144,76,42,2333,3075
C0145,91,25,6401,7034
C0146,88,30,19710,22473
C0147,98,39,1158,1186
C0148,22,41,1288,5780
C0149,37,22,4373,11682
C0150,77,32,13914,17970
C0151,,,,
C0152,77,13,10539,13735
C0153,88,39,2240,2560
C0154,82,42,5304,6459
C0155,71,48,4175,5867
C0156,80,60,63,79
C0157,70,37,5289,7602
C0158,70,25,2100,3006
C0159,94,31,2969,3147
C0160,93,34,1411,1514
C0161,68,28,470,689
C0162,64,16,3351,5248
C0163,64,36,3560,5551
C0164,,,,
C0165,36,29,1734,4837
C0166,54,25,14745,27479
C0167,65,30,3299,5112
C0168,71,15,6585,9254
C0169,,,,
C0170,62,14,9338,15127
C0171,58,27,670,1162
C0172,74,16,7567,10169
C0173,67,13,13914,20699
C0174,76,15,5932,7781
C0175,86,21,737,860
C0176,75,38,3673,4870
C0177,32,25,2432,7652
C0178,21,36,2102,10046
C0179,65,34,2366,3613
C0180,7,66,2043,28977
C0181,42,28,3703,8884
C0182,65,26,16467,25458
C0183,62,30,1833,2933
C0184,,,,
C0185,43,22,7566,17545
C0186,60,22,3783,6298
C0187,,,,
C0188,66,59,341,520
C0189,33,33,7197,21756
C0190,17,46,3413,20115
C0191,49,24,5762,11687
C0192,52,35,781,1493
C0193,47,16,3670,7845
C0194,67,21,4948,7429
C0195,78,22,2093,2697
C0196,36,76,21,58
C0197,49,39,15572,31820
C0198,70,38,328,468
C0199,71,19,2779,3912
C0200,27,40,521,1907
C0201,74,31,3017,4074
C0202,45,51,2263,5029
C0203,48,29,11880,24889
C0204,50,26,2691,5396
C0205,59,87,225,383
C0206,60,17,4727,7820
C0207,43,42,7122,16549
C0208,42,21,2063,4960
C0209,50,26,2476,4963
C0210,57,36,16803,29579
C0211,47,51,12618,27107
C0212,47,32,1657,3498
C0213,,,,
C0214,93,85,4311,4620
C0215,,,,
C0216,40,18,11691,28907
C0217,81,76,54,67
C0218,53,28,5682,10635
C0219,57,27,2487,4328
C0220,84,43,1361,1618
C0221,59,17,2785,4729
C0222,77,26,2435,3178
C0223,,,,
C0224,45,30,12900,28512
C0225,46,63,332,727
C0226,59,14,6227,10509
C0227,59,69,1260,2124
C0228,52,20,8011,15345
C0229,34,42,427,1264
C0230,64,34,602,944
C0231,48,22,5937,12347
C0232,67,28,896,1340
C0233,20,30,1643,8250
C0234,70,52,2182,3118
C0235,54,48,500,934
C0236,57,23,3336,5873
C0237,60,29,2353,3901
C0238,78,12,1691,2160
C0239,51,61,244,475
C0240,48,56,976,2046
C0241,55,59,1757,3170
C0242,57,42,644,1129
C0243,,,,
C0244,48,37,419,876
C0245,26,30,4602,17475
C0246,33,47,1334,4076
C0247,55,38,8045,14645
C0248,68,44,847,1245
C0249,68,51,2754,4051
C0250,52,66,5473,10525
C0251,55,46,7592,13890
C0252,56,48,10352,18458
C0253,57,60,5355,9471
C0254,58,28,962,1648
C0255,75,35,603,809
C0256,69,27,2666,3864
C0257,67,27,1798,2690
C0258,,,,
C0259,56,11,2455,4403
C0260,44,22,1213,2771
C0261,61,49,520,850
C0262,51,69,571,1111
C0263,83,54,2425,2922
C0264,68,28,1087,1597
C0265,38,23,2312,6081
C0266,78,61,1317,1689
C0267,69,63,105,153
C0268,49,29,619,1253
C0269,81,54,379,470
C0270,55,55,3148,5701
C0271,43,35,338,779
C0272,54,57,3913,7266
C0273,84,35,764,914
C0274,75,38,1228,1633
C0275,80,36,5527,6901
C0276,64,22,2697,4207
C0277,76,43,694,908
C0278,78,36,6082,7832
C0279,,,,
C0280,66,34,4894,7455
C0281,91,29,1010,1116
C0282,100,55,859,861
C0283,62,34,757,1227
C0284,100,52,6665,6690
C0285,59,18,3421,5831
C0286,76,34,1926,2536
C0287,68,32,359,528
C0288,67,18,6004,8969
C0289,29,18,1495,5219
C0290,9,53,2670,30304
C0291,91,30,7247,8005
C0292,54,19,2009,3692
C0293,60,20,11948,19957
C0294,,,,
C0295,62,27,4879,7881
C0296,72,26,1940,2702
C0297,68,21,651,960
C0298,,,,
C0299,66,24,1132,1723
C0300,71,30,10427,14603
C0301,69,43,1465,2108
C0302,62,35,20716,33203
C0303,58,25,2076,3556
C0304,61,17,1569,2560
C0305,57,29,1618,2840
C0306,69,28,10582,15354
C0307,71,39,521,737
C0308,75,19,1994,2660
C0309,57,19,2110,3684
C0310,56,23,3035,5432
C0311,87,39,963,1101
C0312,91,19,13121,14355
C0313,75,16,769,1027
C0314,63,38,1017,1617
C0315,55,21,2153,3906
C0316,64,21,1912,2973
C0317,99,30,83,84
C0318,64,20,2598,4082
C0319,52,18,2073,3961
C0320,56,18,14545,25914
C0321,15,41,4912,32060
C0322,60,25,3200,5350
C0323,82,25,3048,3719
C0324,89,29,955,1078
C0325,21,84,857,4080
C0326,41,26,440,1074
C0327,79,17,2655,3370
C0328,60,24,2100,3502
C0329,51,27,877,1706
C0330,51,11,5313,10513
C0331,60,36,878,1469
C0332,29,100,8,28
C0333,79,28,9176,11634
C0334,84,31,6437,7646
C0335,90,39,526,583
C0336,94,44,418,446
C0337,59,26,6260,10554
C0338,69,44,1346,1959
C0339,55,29,1516,2734
C0340,61,35,10364,17118
C0341,72,28,889,1242
C0342,66,16,6185,9357
C0343,40,88,218,545
C0344,61,21,3113,5086
C0345,64,21,1204,1890
C0346,84,22,2468,2935
C0347,60,22,1333,2221
C0348,55,39,424,770
C0349,79,13,2720,3450
C0350,67,16,2118,3174
C0351,72,30,517,715
C0352,97,30,763,784
C0353,83,54,3076,3702
C0354,70,45,8510,12230
C0355,84,19,4486,5313
C0356,69,40,4302,6204
C0357,83,29,9152,11019
C0358,74,65,784,1066
C0359,70,54,1720,2456
C0360,72,28,27300,37826
C0361,76,61,1352,1773
C0362,79,62,1666,2097
C0363,54,62,656,1219
C0364,71,23,1562,2195
C0365,58,28,1196,2064
C0366,95,44,3274,3441
C0367,,,,
C0368,22,53,3936,17647
C0369,73,23,475,652
C0370,61,53,1571,2591
C0371,72,55,1183,1639
C0372,54,38,1023,1908
C0373,64,26,1052,1639
C0374,98,20,317,325
C0375,86,33,1310,1529
C0376,88,32,1434,1637
C0377,72,21,2052,2867
C0378,80,18,4880,6124
C0379,,,,
C0380,,,,
C0381,70,27,980,1409
C0382,66,17,1870,2842
C0383,78,19,969,1250
C0384,62,21,1834,2972
C0385,64,18,1413,2204
C0386,75,37,1022,1355
C0387,66,22,3911,5930
C0388,77,40,1128,1457
C0389,50,33,994,1981
C0390,95,39,770,807
C0391,35,30,1395,3979
C0392,83,39,13648,16539
C0393,60,13,793,1319
C0394,80,26,17363,21642
C0395,69,32,1293,1873
C0396,72,25,2517,3490
C0397,42,61,31,74
C0398,53,18,1986,3721
C0399,68,42,371,542
C0400,83,51,3389,4068
C0401,76,31,929,1221
C0402,96,20,2786,2897
C0403,88,33,1146,1302
C0404,58,30,715,1229
C0405,78,26,1761,2268
C0406,58,55,482,836
C0407,87,31,756,870
C0408,61,23,2129,3515
C0409,59,27,670,1139
C0410,64,22,550,854
C0411,50,39,334,662
C0412,,,,
C0413,61,47,1488,2452
C0414,89,47,2239,2511
C0415,59,43,432,737
C0416,92,33,11433,12389
C0417,45,16,1050,2348
C0418,96,40,9437,9839
C0419,54,41,370,689
C0420,87,31,556,642
C0421,72,27,731,1012
C0422,99,55,264,267
C0423,,,,
C0424,79,47,2427,3073
C0425,47,30,361,767
C0426,90,33,391,436
C0427,44,43,389,883
C0428,74,42,380,517
C0429,,,,
C0430,96,42,3344,3492
C0431,45,11,1646,3656
C0432,66,40,796,1211
C0433,95,17,3943,4160
C0434,34,72,551,1620
C0435,45,9,1612,3582
C0436,68,29,1813,2649
C0437,69,22,1737,2533
C0438,71,27,1801,2527
C0439,60,39,5961,9932
C0440,82,17,1426,1735
C0441,38,21,2415,6399
C0442,67,24,675,1006
C0443,69,35,13592,19810
C0444,51,45,303,590
C0445,,,,
C0446,71,44,6519,9166
C0447,70,62,322,458
C0448,54,48,240,446
C0449,84,37,4419,5230
C0450,82,43,3760,4576
C0451,47,64,3299,7064
C0452,100,21,1804,1804
C0453,,,,
C0454,81,45,887,1094
C0455,88,29,924,1053
C0456,96,23,1275,1326
C0457,74,23,1056,1424
C0458,92,43,7871,8526
C0459,66,29,442,670
C0460,35,14,1675,4726
C0461,44,36,1983,4545
C0462,61,60,656,1080
C0463,76,46,12326,16169
C0464,83,77,450,539
C0465,74,40,671,904
C0466,67,45,3424,5077
C0467,87,15,4203,4827
C0468,62,59,2229,3624
C0469,50,53,1610,3197
C0470,87,59,2090,2404
C0471,77,50,2668,3454
C0472,84,52,2362,2812
C0473,48,75,79,163
C0474,45,75,3430,7657
C0475,36,58,1336,3721
C0476,49,90,764,1563
C0477,59,53,5044,8506
C0478,26,20,7961,30122
C0479,54,26,2560,4703
C0480,74,31,333,452
C0481,24,39,1267,5243
C0482,15,47,1054,7052
C0483,26,34,1408,5407
C0484,80,35,1263,1581
C0485,,,,
C0486,84,32,1371,1638
C0487,63,55,292,464
C0488,85,27,386,452
C0489,81,30,6733,8306
C0490,65,44,517,791
C0491,,,,
C0492,86,17,3632,4231
C0493,78,24,1229,1580
C0494,83,27,3231,3902
C0495,72,35,778,1074
C0496,89,32,461,519
C0497,73,50,507,695
C0498,52,30,2063,3986
C0499,33,28,476,1455
C0500,36,21,2123,5980
C0501,59,39,2302,3872
C0502,72,16,2593,3615
C0503,81,21,1366,1686
C0504,18,36,3869,21336
C0505,58,14,7891,13604
C0506,,,,
C0507,63,27,6160,9755
C0508,47,33,12333,26247
C0509,55,27,2241,4073
C0510,58,33,2764,4801
C0511,67,13,3332,4943
C0512,50,25,416,838
C0513,55,25,4896,8912
C0514,72,29,1430,1985
C0515,,,,
C0516,81,45,277,342
C0517,60,26,10710,17750
C0518,,,,
C0519,60,24,3169,5318
C0520,67,11,3185,4786
C0521,76,20,2232,2942
C0522,68,26,1307,1928
C0523,14,41,1132,7927
C0524,78,15,1614,2081
C0525,74,15,3458,4659
C0526,58,26,523,908
C0527,63,15,2462,3936
C0528,44,30,3281,7493
C0529,32,28,7905,24538
C0530,46,19,20071,44006
C0531,37,24,3517,9496
C0532,79,32,4653,5920
C0533,,,,
C0534,62,18,3416,5551
C0535,67,14,4537,6780
C0536,56,31,525,941
C0537,48,22,3933,8198
C0538,60,13,4006,6623
C0539,72,24,2633,3675
C0540,63,16,1513,2412
C0541,72,30,2544,3528
C0542,52,29,2807,5433
C0543,41,29,1657,4009
C0544,64,20,1819,2856
C0545,6,81,2047,35023
C0546,33,31,2346,7115
C0547,76,18,2729,3584
C0548,67,18,1758,2605
C0549,64,28,5838,9126
C0550,63,21,22665,36012
C0551,71,24,5834,8170
C0552,8,72,1548,18989
C0553,77,49,608,787
C0554,79,16,4963,6314
C0555,47,30,1747,3732
C0556,61,21,1438,2371
C0557,60,9,2926,4915
C0558,80,21,2011,2499
C0559,67,28,1135,1689
C0560,32,19,15301,47364
C0561,75,27,744,993
C0562,64,35,343,535
C0563,69,33,3364,4855
C0564,49,16,2076,4239
C0565,92,72,201,218
C0566,43,34,1897,4403
C0567,70,33,1560,2231
C0568,72,25,5816,8063
C0569,71,13,4643,6548
C0570,83,16,7652,9275
C0571,19,38,3471,18419
C0572,29,43,1387,4765
C0573,58,25,3541,6146
C0574,82,14,4881,5988
C0575,75,33,3846,5137
C0576,67,18,2657,3944
C0577,73,19,1149,1570
C0578,17,45,1203,7069
C0579,52,25,4425,8578
C0580,61,31,2515,4149
C0581,56,19,2631,4675
C0582,56,14,2498,4430
C0583,68,21,1833,2699
C0584,38,41,957,2551
C0585,71,20,1990,2789
C0586,,,,
C0587,,,,
C0588,70,36,2792,4003
C0589,63,24,12143,19262
C0590,54,30,618,1150
C0591,92,46,1270,1385
C0592,61,21,2256,3670
C0593,64,35,7632,11929
C0594,76,25,8135,10718
C0595,62,28,1318,2140
C0596,75,53,259,346
C0597,68,23,1599,2349
C0598,83,27,14969,18122
C0599,73,27,3018,4161
C0600,67,27,1691,2528
C0601,92,31,1360,1481
C0602,44,43,794,1819
C0603,61,29,667,1089
C0604,94,21,859,916
C0605,66,19,769,1171
C0606,33,40,15570,46813
C0607,69,37,21610,31479
C0608,77,33,3462,4520
C0609,63,31,3084,4908
C0610,78,31,2345,3003
C0611,,,,
C0612,73,34,4931,6743
C0613,66,32,7933,12019
C0614,51,29,1027,1995
C0615,68,36,104,152
C0616,79,33,4764,6057
C0617,68,31,962,1422
C0618,65,21,1755,2698
C0619,59,21,513,872
C0620,76,25,8786,11524
C0621,83,26,12113,14621
C0622,61,30,1261,2072
C0623,67,35,2408,3606
C0624,75,37,396,531
C0625,95,30,2009,2118
C0626,21,36,1476,7045
C0627,80,34,1994,2493
C0628,52,40,712,1359
C0629,96,82,201,209
C0630,63,20,3037,4804
C0631,66,24,2247,3427
C0632,34,24,2283,6683
C0633,66,38,6514,9938
C0634,100,33,306,306
C0635,44,29,19121,43048
C0636,69,40,527,762
C0637,78,37,5533,7074
C0638,58,31,1527,2649
C0639,89,31,3174,3562
C0640,95,52,477,501
C0641,69,35,1345,1945
C0642,76,34,1569,2077
C0643,87,35,4900,5638
C0644,75,38,1313,1747
C0645,75,27,1161,1551
C0646,59,32,2374,4011
C0647,55,36,577,1049
C0648,73,33,1315,1810
C0649,86,29,4774,5540
C0650,61,24,1870,3071
C0651,65,33,1359,2076
C0652,61,38,4381,7212
C0653,83,31,1878,2265
C0654,48,25,1104,2280
C0655,56,25,326,585
C0656,89,81,422,472
C0657,65,32,3442,5325
C0658,47,19,902,1901
C0659,59,42,8464,14258
C0660,43,33,554,1274
C0661,23,35,1415,6229
C0662,67,46,1303,1936
C0663,65,44,7254,11191
C0664,14,66,437,3152
C0665,66,43,4058,6120
C0666,36,16,945,2661
C0667,49,48,376,771
C0668,61,18,995,1629
C0669,65,35,836,1285
C0670,81,47,3727,4611
C0671,,,,
C0672,59,18,1209,2040
C0673,81,37,871,1076
C0674,64,52,886,1379
C0675,65,36,441,676
C0676,68,36,479,703
C0677,,,,
C0678,,,,
C0679,66,61,2240,3379
C0680,76,34,1214,1595
C0681,61,52,512,840
C0682,97,48,1679,1726
C0683,22,86,480,2164
C0684,,,,
C0685,79,38,16473,20956
C0686,33,75,1441,4367
C0687,82,46,2729,3322
C0688,74,37,1302,1755
C0689,72,41,3221,4462
C0690,72,31,4113,5680
C0691,13,91,391,3006
C0692,96,32,639,663
C0693,75,23,1943,2576
C0694,64,19,8626,13389
C0695,90,25,1966,2179
C0696,68,32,529,783
C0697,85,46,3750,4388
C0698,85,43,6367,7482
C0699,16,34,4684,30117
C0700,58,41,1008,1736
C0701,72,26,1021,1420
C0702,58,31,828,1433
C0703,75,31,674,897
C0704,53,18,1738,3279
C0705,,,,
C0706,73,17,877,1206
C0707,89,50,521,586
C0708,84,27,10630,12581
C0709,94,43,4542,4820
C0710,100,53,376,376
C0711,67,26,933,1396
C0712,,,,
C0713,,,,
C0714,,,,
C0715,72,30,929,1299
C0716,77,24,4090,5336
C0717,72,22,1307,1822
C0718,58,63,152,260
C0719,74,31,1126,1529
C0720,85,47,2197,2589
C0721,68,32,1145,1676
C0722,71,54,3507,4955
C0723,77,21,1780,2315
C0724,64,63,6999,10929
C0725,,,,
C0726,57,47,191,335
C0727,52,26,673,1287
C0728,,,,
C0729,49,35,267,546
C0730,85,60,6250,7343
C0731,84,45,6597,7857
C0732,,,,
C0733,,,,
C0734,83,15,2826,3400
C0735,10,49,2260,23110
C0736,85,18,3004,3546
C0737,90,8,5149,5723
C0738,79,24,3486,4432
C0739,78,21,13963,17938
C0740,82,25,5029,6144
C0741,73,67,141,193
C0742,77,23,3967,5120
C0743,89,27,816,914
C0744,74,18,2820,3829
C0745,,,,
C0746,,,,
C0747,55,22,1702,3115
C0748,64,17,1912,2984
C0749,91,23,944,1038
C0750,77,15,2656,3430
C0751,73,20,3812,5193
C0752,88,11,1382,1567
C0753,78,21,2835,3647
C0754,78,28,994,1276
C0755,59,29,4908,8287
C0756,41,38,1727,4183
C0757,80,38,3980,4952
C0758,78,21,4314,5537
C0759,65,36,8500,13012
C0760,65,36,2844,4344
C0761,7,65,1963,26499
C0762,55,26,3480,6297
C0763,72,16,5806,8078
C0764,59,11,4357,7437
C0765,60,35,18230,30631
C0766,54,15,7173,13282
C0767,54,18,3323,6145
C0768,79,16,8498,10735
C0769,48,10,1207,2496
C0770,38,33,1899,4977
C0771,62,28,3805,6126
C0772,,,,
C0773,43,29,4805,11145
C0774,68,21,6086,8935
C0775,63,46,1419,2245
C0776,,,,
C0777,41,71,450,1088
C0778,65,46,7405,11467
C0779,85,42,4571,5365
C0780,,,,
C0781,,,,
C0782,,,,
C0783,77,50,645,837
C0784,68,16,5897,8654
C0785,70,22,2385,3417
C0786,38,24,2056,5466
C0787,21,50,1151,5606
C0788,,,,
C0789,73,22,3134,4322
C0790,78,18,1902,2440
C0791,64,18,4320,6747
C0792,26,34,2209,8374
C0793,55,31,366,667
C0794,7,60,2362,31851
C0795,67,17,910,1358
C0796,8,75,247,3193
C0797,16,52,6222,39999
C0798,25,24,4931,19863
C0799,32,18,6346,19843
C0800,100,26,9761,9785
C0801,34,18,7560,22171
C0802,,,,
C0803,30,22,9140,30758
C0804,34,41,4683,13753
C0805,23,15,3612,15518
C0806,91,15,6913,7563
C0807,77,22,12957,16870
C0808,37,21,7045,19032
C0809,35,24,4675,13319
C0810,79,28,926,1171
C0811,49,28,1489,3061
C0812,72,25,1146,1594
C0813,78,19,2094,2675
C0814,80,17,1854,2324
C0815,45,62,1995,4449
C0816,47,12,17055,36189
C0817,27,36,1364,5017
C0818,84,12,4542,5392
C0819,81,27,703,865
C0820,49,30,2168,4385
C0821,59,11,13346,22733
C0822,91,30,735,807
C0823,92,17,5445,5911
C0824,67,17,10429,15658
C0825,88,19,1207,1375
C0826,62,17,3667,5924
C0827,87,18,4949,5695
C0828,81,14,4841,6001
C0829,,,,
C0830,66,16,4809,7268
C0831,77,16,3016,3930
C0832,37,30,3876,10351
C0833,75,13,3095,4147
C0834,54,54,817,1505
C0835,57,22,3747,6546
C0836,73,21,2356,3242
C0837,86,15,3054,3551
C0838,73,22,1766,2416
C0839,68,16,2625,3838
C0840,57,60,885,1554
C0841,67,31,3315,4978
C0842,26,35,15066,57845
C0843,66,28,2465,3716
C0844,74,21,4024,5433
C0845,97,39,677,700
C0846,77,19,9900,12885
C0847,75,33,725,970
C0848,75,17,2591,3444
C0849,41,21,6654,16150
C0850,73,35,591,814
C0851,60,28,9839,16354
C0852,36,24,6153,17244
C0853,57,23,1267,2237
C0854,80,20,2203,2754
C0855,64,31,1811,2815
C0856,46,31,2054,4424
C0857,78,17,3605,4651
C0858,82,22,1514,1841
C0859,62,26,1335,2165
C0860,68,13,5500,8082
C0861,35,23,2904,8285
C0862,75,23,2373,3148
C0863,63,21,2521,4016
C0864,53,10,27449,51634
C0865,55,35,3165,5761
C0866,78,29,2653,3391
C0867,59,33,2843,4846
C0868,73,39,2021,2765
C0869,53,42,2843,5401
C0870,59,36,2388,4049
C0871,55,22,11744,21178
C0872,43,22,12104,28232
C0873,57,28,13053,23093
C0874,39,23,11963,30300
C0875,51,37,777,1538
C0876,48,29,929,1954
C0877,48,27,4091,8570
C0878,49,24,5463,11256
C0879,47,22,5394,11518
C0880,52,33,3032,5883
C0881,46,24,4184,9164
C0882,44,20,5620,12892
C0883,51,21,5205,10261
C0884,49,30,5034,10351
C0885,68,25,3257,4764
C0886,33,28,2790,8405
C0887,58,21,1939,3341
C0888,46,26,3739,8193
C0889,81,36,1195,1484
C0890,64,40,818,1279
C0891,49,25,13990,28269
C0892,,,,
C0893,59,85,1016,1732
C0894,,,,
C0895,37,26,2134,5725
C0896,,,,
C0897,85,16,3151,3689
C0898,24,36,1832,7597
C0899,70,21,2056,2942
C0900,60,12,1321,2214
C0901,82,66,1294,1575
C0902,63,39,7744,12248
C0903,42,18,1225,2933
C0904,68,19,1485,2197
C0905,83,14,1354,1639
C0906,45,24,1032,2299
C0907,70,10,8180,11714
C0908,41,26,1309,3226
C0909,62,21,2282,3708
C0910,26,40,1215,4745
C0911,13,42,4077,30374
C0912,62,42,9658,15535
C0913,57,23,2243,3925
C0914,54,27,5370,9949
C0915,55,28,2204,4010
C0916,48,16,2640,5481
C0917,78,19,1029,1314
C0918,68,20,2066,3030
C0919,64,26,4918,7663
C0920,37,13,1752,4777
C0921,66,19,1164,1751
C0922,68,10,3241,4762
C0923,71,17,2329,3270
C0924,64,22,1869,2899
C0925,62,38,1098,1762
C0926,61,18,2497,4079
C0927,54,29,380,700
C0928,50,32,1054,2117
C0929,70,59,3120,4480
C0930,64,28,1944,3036
C0931,28,50,7847,28437
C0932,69,38,9416,13742
C0933,60,41,6069,10112
C0934,50,31,4472,8886
C0935,50,42,10353,20700
C0936,47,29,764,1634
C0937,54,34,6061,11184
C0938,91,33,984,1083
C0939,72,46,2224,3087
C0940,96,14,1597,1662
C0941,77,21,1498,1949
C0942,41,54,69,168
C0943,67,19,1725,2560
C0944,58,35,497,854
C0945,54,15,3382,6207
C0946,64,31,579,898
C0947,35,31,3915,11121
C0948,70,26,845,1214
C0949,79,15,4221,5323
C0950,56,24,2874,5164
C0951,38,27,5736,15231
C0952,49,81,203,417
C0953,57,42,619,1088
C0954,83,56,785,945
C0955,,,,
C0956,57,73,543,959
C0957,74,59,3983,5404
C0958,84,52,4888,5812
C0959,83,65,286,345
C0960,96,37,10204,10575
C0961,74,29,2180,2931
C0962,64,28,2699,4220
C0963,53,26,947,1784
C0964,72,29,11370,15689
C0965,76,25,2768,3640
C0966,42,16,7713,18418
C0967,74,32,2418,3267
C0968,33,18,2377,7142
C0969,73,38,11721,16002
C0970,97,51,1413,1455
C0971,63,41,4255,6768
C0972,53,21,8327,15719
C0973,72,20,1220,1704
C0974,46,27,2193,4770
C0975,68,38,1544,2260
C0976,,,,
C0977,57,20,1458,2542
C0978,83,26,3101,3721
C0979,,,,
C0980,83,31,13259,15970
C0981,38,31,1556,4054
C0982,56,32,644,1158
C0983,69,25,906,1307
C0984,72,33,957,1333
C0985,64,14,2662,4168
C0986,67,24,15034,22520
C0987,71,29,1894,2660
C0988,63,37,812,1279
C0989,88,31,1048,1197
C0990,76,27,1520,2001
C0991,90,15,2227,2468
C0992,30,35,2262,7438
C0993,49,18,1310,2652
C0994,68,27,2256,3325
C0995,,,,
C0996,,,,
C0997,,,,
C0998,,,,
C0999,56,41,17413,31359
C1000,73,28,15149,20765
C1001,75,18,3035,4029
C1002,74,25,2342,3176
C1003,,,,
C1004,,,,
C1005,76,32,1437,1889
C1006,39,65,2016,5228
C1007,91,34,10040,11066
C1008,,,,
C1009,,,,
C1010,58,40,255,441
C1011,77,39,1265,1640
C1012,58,8,895,1534
C1013,46,16,1740,3780
C1014,89,12,4711,5274
C1015,56,18,3145,5583
C1016,,,,
C1017,70,17,7632,10907
C1018,,,,
C1019,72,14,1756,2445
C1020,49,16,1152,2335
C1021,,,,
C1022,,,,
C1023,84,25,8761,10432
C1024,98,64,950,968
C1025,,,,
C1026,73,61,1386,1889
C1027,60,82,531,888
C1028,63,43,1254,1984
C1029,48,71,409,858
C1030,76,46,8411,11064
C1031,56,16,3704,6560
C1032,72,34,1038,1442
C1033,80,46,8841,10991
C1034,44,65,617,1417
C1035,54,77,1015,1864
C1036,95,22,570,602
C1037,62,40,371,594
C1038,80,67,800,1001
C1039,88,71,358,405
C1040,90,40,2289,2536
C1041,41,29,2965,7304
C1042,56,22,1001,1790
C1043,67,42,1007,1503
C1044,75,34,1830,2431
C1045,63,12,4059,6458
C1046,92,23,1972,2139
C1047,39,57,14,36
C1048,70,37,224,318
C1049,71,18,1982,2778
C1050,79,36,9799,12414
C1051,74,26,15770,21263
C1052,86,18,2291,2658
C1053,61,42,3518,5751
C1054,67,13,6361,9523
C1055,49,25,1404,2893
C1056,73,35,1910,2615
C1057,53,17,500,948
C1058,32,24,934,2896
C1059,58,12,4690,8109
C1060,88,41,2512,2848
C1061,52,40,205,396
C1062,62,17,3776,6060
C1063,65,21,2927,4512
C1064,76,21,1989,2624
C1065,78,28,1391,1792
C1066,60,10,5735,9608
C1067,89,27,8190,9248
C1068,40,34,1081,2708
C1069,30,40,2345,7947
C1070,74,19,1580,2127
C1071,93,41,2801,3022
C1072,95,32,637,669
C1073,25,30,4813,18884
C1074,59,23,625,1063
C1075,61,25,361,594
C1076,58,18,1058,1829
C1077,,,,
C1078,93,55,1936,2071
C1079,68,32,1295,1895
C1080,44,24,2589,5826
C1081,81,8,35815,43945
C1082,74,31,5033,6793
C1083,78,27,4409,5621
C1084,64,39,1167,1821
C1085,87,43,2784,3187
C1086,70,20,2654,3815
C1087,39,29,2034,5174
C1088,80,19,3203,3983
C1089,68,29,1136,1670
C1090,42,31,2270,5453
C1091,,,,
C1092,66,26,812,1232
C1093,23,39,842,3585
C1094,76,29,1024,1350
C1095,80,19,1314,1650
C1096,90,32,8476,9367
C1097,74,24,1650,2227
C1098,72,40,807,1120
C1099,72,25,1988,2780
C1100,82,29,6367,7785
C1101,56,28,828,1488
C1102,80,21,4449,5547
C1103,34,27,2310,6766
C1104,67,16,2536,3793
C1105,31,31,3882,12589
C1106,61,23,1987,3240
C1107,88,32,3286,3744
C1108,72,28,1244,1737
C1109,92,34,1867,2023
C1110,71,28,1441,2021
C1111,75,27,2214,2938
C1112,66,35,1869,2836
C1113,72,33,3920,5455
C1114,65,32,1379,2125
C1115,80,27,1308,1636
C1116,69,36,1063,1546
C1117,46,24,2378,5152
C1118,55,27,1879,3397
C1119,84,37,2890,3437
C1120,,,,
C1121,74,44,352,477
C1122,69,57,159,229
C1123,82,38,387,472
C1124,82,48,591,722
C1125,85,29,777,909
C1126,85,28,4856,5700
C1127,87,36,585,670
C1128,83,38,2135,2570
C1129,80,28,2232,2792
C1130,79,36,1011,1279
C1131,88,47,386,439
C1132,89,41,544,610
C1133,86,43,1018,1179
C1134,54,30,25772,47552
C1135,80,36,558,699
C1136,83,48,684,827
C1137,78,28,2504,3221
C1138,81,44,562,693
C1139,84,27,1123,1329
C1140,,,,
C1141,12,63,3830,31282
C1142,64,16,3458,5396
C1143,51,50,313,610
C1144,85,47,802,940
C1145,93,34,1175,1262
C1146,90,54,1419,1570
C1147,56,26,13959,24871
C1148,74,23,2393,3237
C1149,81,22,4580,5689
C1150,58,19,592,1014
C1151,76,32,1277,1679
C1152,79,21,6165,7831
C1153,69,34,1399,2035
C1154,75,13,6818,9087
C1155,65,25,1574,2414
C1156,83,31,4962,5949
C1157,67,38,3667,5475
C1158,72,25,2327,3217
C1159,14,41,947,6615
C1160,64,37,12016,18813
C1161,66,18,1650,2519
C1162,66,16,2618,3947
C1163,66,50,297,451
C1164,49,23,7319,14966
C1165,40,11,2851,7176
C1166,75,28,1476,1962
C1167,52,33,6922,13424
C1168,73,12,2478,3378
C1169,67,23,3673,5461
C1170,76,26,2278,2998
C1171,53,32,237,450
C1172,74,15,7302,9934
C1173,9,58,2654,28919
C1174,77,19,4603,6013
C1175,76,22,9399,12364
C1176,,,,
C1177,60,18,5776,9660
C1178,69,34,3106,4492
C1179,79,19,15603,19824
C1180,81,15,7305,9021
C1181,67,14,3400,5070
C1182,,,,
C1183,65,35,1424,2190
C1184,69,26,2507,3640
C1185,,,,
C1186,94,24,654,698
C1187,70,26,8092,11509
C1188,80,33,2056,2557
C1189,53,19,2290,4354
C1190,58,32,10706,18500
C1191,53,36,678,1273
C1192,63,54,189,302
C1193,65,43,297,457
C1194,52,29,814,1565
C1195,70,37,523,750
C1196,57,33,2239,3951
C1197,64,20,3808,5953
C1198,42,40,1412,3349
C1199,53,35,1290,2424
C1200,,,,
C1201,59,45,524,887
C1202,58,49,1032,1782
C1203,66,27,1089,1650
C1204,51,39,1342,2620
C1205,73,40,1013,1387
C1206,61,33,14199,23429
C1207,74,27,8139,10993
C1208,51,25,2285,4499
C1209,64,41,1969,3066
C1210,51,11,1377,2726
C1211,72,35,3096,4285
C1212,69,22,1870,2718
C1213,68,47,781,1147
C1214,89,72,854,957
C1215,83,49,648,781
C1216,70,36,467,665
C1217,72,40,291,402
C1218,93,38,1080,1157
C1219,66,49,265,401
C1220,92,52,4458,4851
C1221,97,18,1342,1385
C1222,88,42,3169,3606
C1223,52,58,62,119
C1224,86,53,2864,3332
C1225,80,31,4082,5111
C1226,51,47,1362,2669
C1227,38,43,433,1151
C1228,67,18,2607,3916
C1229,47,28,922,1943
C1230,47,56,376,795
C1231,53,37,1827,3467
C1232,86,46,4083,4721
C1233,40,17,1323,3334
C1234,,,,
C1235,92,37,959,1042
C1236,64,35,595,933
C1237,49,18,2256,4589
C1238,23,66,290,1242
C1239,92,52,1548,1689
C1240,70,28,682,975
C1241,,,,
C1242,73,22,1594,2196
C1243,68,52,4098,5990
C1244,70,48,6888,9845
C1245,68,49,418,612
C1246,58,27,2049,3555
C1247,60,25,1980,3285
C1248,38,55,885,2313
C1249,71,37,564,791
C1250,78,40,5917,7628
C1251,72,41,10435,14396
C1252,77,47,2791,3640
C1253,,,,
C1254,93,47,4633,4973
C1255,77,36,718,930
C1256,72,15,2041,2825
C1257,74,32,1432,1932
C1258,13,41,3963,31099
C1259,49,21,4986,10188
C1260,80,58,2092,2599
C1261,59,20,1841,3141
C1262,57,19,16809,29249
C1263,47,24,787,1680
C1264,93,31,6565,7091
C1265,42,44,1113,2631
C1266,90,34,1103,1224
C1267,74,66,522,709
C1268,37,61,309,830
C1269,68,33,2888,4236
C1270,38,53,786,2091
C1271,73,26,4297,5872
C1272,,,,
C1273,95,38,2944,3096
C1274,51,19,1596,3128
C1275,58,34,10167,17407
C1276,54,41,853,1585
C1277,46,26,816,1778
C1278,93,28,3790,4072
C1279,,,,
C1280,77,39,3678,4788
C1281,48,36,2289,4784
C1282,41,46,736,1810
C1283,95,34,743,783
C1284,85,14,4691,5540
C1285,59,30,827,1396
C1286,72,39,2170,3023
C1287,60,42,10922,18299
C1288,66,14,2486,3789
C1289,62,54,5790,9313
C1290,,,,
C1291,99,11,623,632
C1292,42,32,4548,10747
C1293,17,38,2581,15415
C1294,79,27,2901,3694
C1295,77,39,604,782
C1296,65,40,6054,9315
C1297,93,36,828,894
C1298,58,20,2997,5147
C1299,51,23,6125,12080
C1300,35,48,717,2057
C1301,52,27,1850,3546
C1302,57,35,6474,11383
C1303,75,36,14219,18939
C1304,54,24,715,1326
C1305,,,,
C1306,52,36,855,1638
C1307,57,46,3536,6223
C1308,88,22,5716,6488
C1309,,,,
C1310,69,47,21803,31387
C1311,60,42,6405,10679
C1312,40,47,15335,38161
C1313,59,44,5125,8750
C1314,100,49,6228,6240
C1315,82,41,1726,2104
C1316,47,22,8791,18551
C1317,,,,
C1318,51,39,882,1734
C1319,84,33,846,1007
C1320,73,40,11165,15239
C1321,45,25,4389,9746
C1322,66,38,12709,19170
C1323,30,27,998,3336
C1324,86,30,3812,4431
C1325,64,19,2880,4505
C1326,99,61,573,581
C1327,74,38,3429,4632
C1328,,,,
C1329,49,78,5645,11423
C1330,36,54,960,2664
C1331,,,,
C1332,57,27,4749,8318
C1333,,,,
C1334,,,,
C1335,97,44,8757,9052
C1336,,,,
C1337,82,34,9281,11354
C1338,,,,
C1339,75,24,1850,2461
C1340,65,19,733,1130
C1341,83,27,165,199
C1342,92,23,2072,2251
C1343,71,17,3573,5047
C1344,100,50,4,4
C1345,76,23,584,773
C1346,97,27,837,864
C1347,99,27,1345,1354
C1348,76,27,176,232
C1349,17,39,1518,8847
C1350,63,31,1956,3081
C1351,75,15,3328,4431
C1352,,,,
C1353,68,26,125,183
C1354,99,28,334,336
C1355,94,43,46,49
C1356,83,41,469,568
C1357,78,14,17357,22381
C1358,63,16,1491,2356
C1359,57,20,597,1042
C1360,55,18,2967,5401
C1361,33,32,4665,14046
C1362,85,22,1054,1238
C1363,59,31,4141,7016
C1364,66,24,1093,1663
C1365,65,33,698,1073
C1366,74,23,2425,3272
C1367,62,23,12905,20805
C1368,55,20,1439,2623
C1369,36,18,5529,15337
C1370,69,26,571,824
C1371,64,30,14394,22648
C1372,22,45,10405,48054
C1373,81,34,3299,4055
C1374,64,14,3627,5695
C1375,88,8,2729,3089
C1376,81,26,3640,4496
C1377,83,23,1718,2082
C1378,65,38,2192,3373
C1379,77,38,7833,10201
C1380,78,33,6088,7774
C1381,64,20,1909,2997
C1382,83,25,881,1056
C1383,31,26,3061,9825
C1384,73,18,3034,4167
C1385,85,30,1550,1833
C1386,100,30,762,763
C1387,84,26,763,905
C1388,74,46,724,972
C1389,96,21,218,226
C1390,70,40,13432,19112
C1391,69,36,9786,14156
C1392,30,41,8691,28984
C1393,47,53,952,2012
C1394,95,23,5419,5729
C1395,58,16,2518,4306
C1396,93,13,3527,3788
C1397,18,42,1147,6222
C1398,82,41,3703,4507
C1399,,,,
C1400,80,38,4146,5204
C1401,97,33,1537,1583
C1402,67,24,4650,6991
C1403,,,,
C1404,96,21,270,282
C1405,97,48,452,465
C1406,77,25,2643,3443
C1407,85,17,3910,4588
C1408,88,28,572,653
C1409,72,21,3726,5165
C1410,73,19,5243,7160
C1411,93,40,976,1051
C1412,82,34,12219,14887
C1413,55,37,16679,30199
C1414,84,35,7974,9526
C1415,57,27,1473,2586
C1416,65,23,2609,4044
C1417,43,21,2114,4892
C1418,49,22,859,1736
C1419,43,64,480,1125
C1420,69,30,906,1312
C1421,46,43,1233,2698
C1422,57,46,586,1022
C1423,66,41,1861,2799
C1424,74,35,892,1198
C1425,79,82,2255,2866
C1426,36,28,329,904
C1427,,,,
C1428,81,46,1639,2023
C1429,45,42,986,2202
C1430,71,32,1549,2175
C1431,51,38,530,1033
C1432,77,35,1356,1762
C1433,85,37,14060,16521
C1434,69,27,867,1258
C1435,79,45,459,582
C1436,68,20,1525,2253
C1437,84,42,486,577
C1438,81,30,2327,2868
C1439,70,14,5035,7174
C1440,70,33,1755,2510
C1441,77,30,993,1297
C1442,66,37,586,885
C1443,73,20,1970,2710
C1444,71,70,298,417
C1445,76,33,772,1021
C1446,57,15,13462,23432
C1447,68,37,1482,2167
C1448,54,45,258,478
C1449,,,,
C1450,59,22,625,1058
C1451,75,24,992,1320
C1452,82,32,1711,2088
C1453,60,39,102,170
C1454,71,25,1208,1711
C1455,85,45,4830,5704
C1456,76,41,5054,6610
C1457,85,43,2136,2520
C1458,72,38,5027,6982
C1459,64,41,553,870
C1460,81,44,4162,5117
C1461,75,50,1431,1896
C1462,89,53,2812,3150
C1463,89,44,840,941
C1464,68,40,15841,23324
C1465,86,45,7699,8944
C1466,96,53,3279,3399
C1467,87,50,2254,2602
C1468,83,45,3672,4432
C1469,96,40,4001,4181
C1470,6,76,2208,38828
C1471,60,34,18779,31083
C1472,,,,
C1473,82,50,169,205
C1474,,,,
C1475,,,,
C1476,,,,
C1477,79,91,33,42
C1478,,,,
C1479,,,,
C1480,100,71,34,34
C1481,61,27,834,1376
C1482,,,,
C1483,,,,
C1484,63,28,6381,10208
C1485,83,93,183,221
C1486,76,90,48,63
C1487,76,31,1861,2459
C1488,85,40,1021,1198
C1489,,,,
C1490,65,46,90,139
C1491,91,87,61,67
C1492,43,61,183,422
C1493,,,,
C1494,,,,
C1495,,,,
C1496,,,,
C1497,44,16,5577,12562
C1498,,,,
C1499,,,,
C1500,65,15,3267,5029
C1501,30,70,10,33
C1502,,,,
C1503,,,,
C1504,66,39,7108,10804
C1505,98,52,1651,1683
C1506,,,,
C1507,,,,
C1508,78,21,1568,1998
C1509,,,,
C1510,61,83,122,201
C1511,50,48,677,1344
C1512,64,17,4484,6960
C1513,,,,
C1514,,,,
C1515,,,,
C1516,60,23,2708,4543
C1517,60,26,960,1611
C1518,,,,
C1519,,,,
C1520,,,,
C1521,,,,
C1522,,,,
C1523,,,,
C1524,,,,
C1525,,,,
C1526,44,40,1406,3195
C1527,,,,
C1528,,,,
C1529,,,,
C1530,35,63,136,393
C1531,71,6,2158,3033
C1532,,,,
C1533,53,31,65,122
C1534,,,,
