ID,ACT Composite score (25th percentile) ,ACT Composite score (75th percentile),SAT Critical Reading score (25th percentile),SAT Critical Reading score (75th percentile),SAT Math score (25th percentile),SAT Math score (75th percentile),SAT Writing score (25th percentile) ,SAT Writing score (75th percentile)
C0001,15,19,370,450,350,450,,
C0002,22,28,520,640,520,650,,
C0003,,,,,,,,
C0004,23,29,510,640,510,650,,
C0005,15,19,380,480,370,480,,
C0006,22,30,490,620,500,640,480,600
C0007,,,,,,,,
C0008,18,23,,,,,,
C0009,24,30,520,620,540,650,510,620
C0010,23,29,520,630,520,640,,
C0011,,,,,,,,
C0012,,,,,,,,
C0013,19,24,420,500,420,540,,
C0014,19,26,430,540,420,540,,
C0015,19,24,550,640,500,600,530,610
C0016,18,22,,,,,,
C0017,,,,,,,,
C0018,20,25,470,610,470,680,,
C0019,20,26,495,613,465,550,440,580
C0020,19,25,413,565,433,530,,
C0021,17,22,410,513,400,510,,
C0022,23,28,500,630,510,610,500,610
C0023,20,26,440,550,435,565,420,520
C0024,21,27,480,600,480,600,480,610
C0025,17,20,350,450,383,438,,
C0026,,,,,,,,
C0027,18,24,,,,,,
C0028,18,22,400,510,400,520,,
C0029,,,,,,,,
C0030,,,,,,,,
C0031,,,,,,,,
C0032,20,24,465,575,450,510,435,568
C0033,,,,,,,,
C0034,22,28,500,620,520,650,,
C0035,21,27,483,600,500,630,480,590
C0036,23,29,500,630,540,650,490,600
C0037,20,25,470,580,470,580,450,560
C0038,,,,,,,,
C0039,22,30,480,640,420,600,490,580
C0040,20,25,440,580,455,600,,
C0041,20,27,360,480,410,480,,
C0042,,,,,,,,
C0043,22,28,470,600,540,610,460,600
C0044,23,28,500,600,520,630,,
C0045,15,20,330,430,348,493,340,430
C0046,21,26,410,515,458,548,413,478
C0047,18,25,370,490,410,520,370,490
C0048,,,,,,,,
C0049,20,26,,,,,,
C0050,18,23,430,590,470,670,430,620
C0051,22,28,490,630,500,620,,
C0052,19,24,460,538,490,590,,
C0053,26,32,530,680,540,650,,
C0054,22,28,500,640,505,640,490,610
C0055,21,27,440,550,460,580,,
C0056,20,26,420,550,450,550,,
C0057,,,,,,,,
C0058,19,24,350,430,410,510,,
C0059,18,24,410,520,430,590,,
C0060,19,25,350,540,430,620,390,550
C0061,21,27,490,600,490,610,,
C0062,22,27,500,620,503,620,490,620
C0063,,,,,,,,
C0064,18,24,430,550,420,560,420,540
C0065,33,35,720,800,770,800,720,790
C0066,22,26,500,590,510,613,,
C0067,25,30,550,650,590,690,,
C0068,,,,,,,,
C0069,15,22,390,500,400,520,,
C0070,16,22,400,510,410,520,,
C0071,16,20,390,490,400,510,,
C0072,20,26,460,570,490,620,,
C0073,19,24,450,550,460,570,,
C0074,15,19,380,470,380,470,,
C0075,16,22,400,510,410,530,,
C0076,19,24,450,550,470,580,,
C0077,16,22,400,500,400,520,,
C0078,18,24,440,550,460,590,,
C0079,15,20,380,480,390,510,,
C0080,16,22,400,510,400,530,,
C0081,17,22,410,520,430,540,,
C0082,27,33,590,720,630,770,620,750
C0083,23,29,510,640,560,680,530,650
C0084,21,27,460,600,530,670,490,620
C0085,25,31,560,680,600,760,590,710
C0086,20,25,470,580,500,630,480,590
C0087,25,31,550,660,620,730,580,690
C0088,24,29,530,650,560,690,550,660
C0089,20,26,470,610,490,620,470,610
C0090,21,26,470,580,490,610,,
C0091,24,29,550,640,570,660,560,650
C0092,20,25,453,550,450,560,450,550
C0093,19,22,440,570,430,550,425,530
C0094,,,,,,,,
C0095,29,33,650,740,670,760,660,750
C0096,,,,,,,,
C0097,20,25,480,570,480,590,480,580
C0098,,,,,,,,
C0099,18,22,440,550,440,550,428,550
C0100,,,,,,,,
C0101,32,35,680,760,720,800,670,760
C0102,17,21,410,500,410,500,,
C0103,18,24,450,580,440,560,,
C0104,,,,,,,,
C0105,,,,,,,,
C0106,,,,,,,,
C0107,20,25,460,550,470,580,460,560
C0108,,,,,,,,
C0109,17,22,400,510,410,530,410,520
C0110,22,27,490,620,470,610,,
C0111,25,29,540,640,550,650,550,650
C0112,19,25,432,532,450,565,425,513
C0113,23,28,540,640,500,610,520,620
C0114,,,,,,,,
C0115,16,22,420,510,420,520,,
C0116,,,,,,,,
C0117,18,22,430,550,430,560,430,510
C0118,27,31,600,700,610,700,610,700
C0119,17,22,433,538,420,528,423,530
C0120,18,25,450,570,440,580,440,560
C0121,22,29,500,640,530,680,500,640
C0122,,,560,660,570,680,570,670
C0123,,,,,,,,
C0124,23,28,520,630,520,630,,
C0125,31,34,690,760,690,780,690,780
C0126,23,27,510,610,520,620,,
C0127,21,26,480,590,500,610,,
C0128,25,30,540,650,570,670,,
C0129,19,24,430,550,450,560,,
C0130,23,27,530,630,540,640,530,630
C0131,19,25,440,550,470,600,,
C0132,27,31,590,680,610,700,,
C0133,29,32,640,733,640,720,660,750
C0134,21,23,460,570,450,580,450,560
C0135,22,27,500,600,510,610,510,610
C0136,19,24,450,550,450,560,,
C0137,18,28,430,550,400,520,,
C0138,29,33,620,720,660,760,640,750
C0139,23,31,590,700,570,640,570,690
C0140,24,29,520,650,540,660,520,650
C0141,20,25,460,570,470,580,470,580
C0142,19,25,420,540,440,550,,
C0143,17,22,440,533,450,550,440,530
C0144,20,26,490,600,480,605,,
C0145,21,25,470,580,470,600,,
C0146,24,29,520,630,540,650,,
C0147,,,,,,,,
C0148,27,32,610,710,610,720,620,700
C0149,27,31,570,670,630,720,550,650
C0150,22,27,510,620,510,630,,
C0151,,,,,,,,
C0152,25,30,540,660,560,660,520,630
C0153,20,25,470,570,475,580,,
C0154,18,23,430,540,450,550,,
C0155,18,23,460,590,470,610,,
C0156,,,,,,,,
C0157,20,24,450,570,450,570,,
C0158,21,26,490,600,470,600,,
C0159,18,23,420,510,420,540,,
C0160,19,24,430,560,430,550,,
C0161,,,380,480,320,480,410,470
C0162,18,22,410,500,420,510,410,500
C0163,19,25,450,540,460,560,450,550
C0164,,,,,,,,
C0165,,,,,,,,
C0166,25,30,550,650,580,680,,
C0167,20,24,460,550,470,550,470,560
C0168,,,,,,,,
C0169,,,,,,,,
C0170,20,26,470,570,480,580,,
C0171,,,,,,,,
C0172,20,25,460,550,470,580,460,560
C0173,22,27,490,580,510,610,500,590
C0174,,,,,,,,
C0175,18,22,430,520,430,520,,
C0176,17,22,410,510,410,510,420,530
C0177,25,29,570,680,580,670,590,673
C0178,29,33,640,740,660,740,650,750
C0179,,,,,,,,
C0180,32,35,700,800,710,790,710,800
C0181,16,19,410,480,410,490,390,470
C0182,24,29,520,630,540,650,520,630
C0183,16,23,360,470,360,475,360,455
C0184,,,,,,,,
C0185,26,30,590,690,570,660,580,680
C0186,22,27,500,610,510,610,,
C0187,,,,,,,,
C0188,15,20,348,435,345,495,,
C0189,27,31,600,690,600,700,610,700
C0190,29,33,650,750,660,750,,
C0191,21,26,490,590,480,590,480,580
C0192,,,,,,,,
C0193,17,21,420,520,420,520,410,490
C0194,15,18,370,460,360,450,,
C0195,18,22,410,520,410,530,410,510
C0196,,,,,,,,
C0197,23,28,540,630,550,640,510,610
C0198,19,25,460,580,450,550,,
C0199,23,28,510,620,500,610,,
C0200,15,18,350,440,360,440,340,430
C0201,21,27,470,590,510,640,460,580
C0202,18,22,430,520,420,510,410,490
C0203,20,24,480,560,480,570,470,560
C0204,21,25,540,580,530,580,520,570
C0205,20,26,470,590,460,570,,
C0206,23,28,500,610,530,650,,
C0207,24,27,540,620,530,610,520,600
C0208,,,,,,,,
C0209,22,27,490,590,500,590,480,580
C0210,25,29,560,640,550,640,560,640
C0211,26,31,580,670,590,690,570,680
C0212,19,24,450,550,460,560,,
C0213,,,,,,,,
C0214,,,,,,,,
C0215,,,,,,,,
C0216,28,32,600,700,630,720,590,690
C0217,,,,,,,,
C0218,23,26,540,620,540,610,500,590
C0219,21,27,470,590,480,600,,
C0220,20,26,470,590,455,590,,
C0221,24,29,550,640,550,650,540,650
C0222,,,,,,,,
C0223,,,,,,,,
C0224,23,28,530,620,550,640,510,610
C0225,16,21,410,510,408,500,400,490
C0226,23,28,540,640,530,630,510,610
C0227,17,23,430,550,410,530,420,530
C0228,21,26,480,570,500,580,480,560
C0229,17,21,410,490,410,500,,
C0230,17,24,330,530,342,547,,
C0231,21,26,460,570,460,560,440,540
C0232,,,,,,,,
C0233,17,20,420,480,400,470,,
C0234,19,23,460,550,450,540,,
C0235,18,22,420,535,420,510,,
C0236,17,21,390,470,380,470,,
C0237,24,29,530,640,530,630,520,610
C0238,19,21,440,550,430,500,,
C0239,17,20,400,490,410,500,370,480
C0240,18,21,440,520,420,510,420,500
C0241,19,23,440,550,430,540,420,530
C0242,23,28,530,670,530,630,530,650
C0243,,,,,,,,
C0244,,,410,510,420,530,,
C0245,29,32,620,710,650,750,640,730
C0246,,,380,460,370,450,,
C0247,28,32,600,700,660,760,610,700
C0248,18,22,440,520,420,520,,
C0249,22,26,530,610,520,620,510,600
C0250,21,25,520,590,510,600,490,570
C0251,20,25,480,580,480,590,,
C0252,26,30,560,660,580,670,570,670
C0253,21,24,500,590,490,580,470,570
C0254,19,23,460,550,450,540,,
C0255,,,,,,,,
C0256,23,28,540,630,540,640,,
C0257,18,23,450,550,450,560,430,550
C0258,,,,,,,,
C0259,22,27,520,630,510,610,490,610
C0260,14,18,340,430,340,440,330,410
C0261,19,24,450,560,440,540,,
C0262,18,25,437,590,415,586,,
C0263,16,19,390,460,380,460,370,450
C0264,18,23,410,530,410,530,410,500
C0265,20,24,470,570,460,540,,
C0266,22,26,500,600,530,630,,
C0267,,,,,,,,
C0268,17,23,450,590,450,570,,
C0269,17,22,430,530,410,520,400,520
C0270,20,24,480,570,470,550,450,540
C0271,17,22,450,570,430,560,420,540
C0272,18,22,440,520,430,510,420,510
C0273,19,23,430,520,440,540,,
C0274,19,23,410,540,430,550,400,510
C0275,21,27,480,580,500,610,470,570
C0276,19,25,430,550,440,560,,
C0277,16,22,400,480,400,500,380,470
C0278,20,26,460,570,460,580,,
C0279,,,,,,,,
C0280,20,26,480,590,480,590,460,570
C0281,21,27,460,570,465,590,455,570
C0282,18,22,400,510,420,520,,
C0283,21,28,460,590,460,570,460,570
C0284,20,25,450,560,440,560,,
C0285,,,,,,,,
C0286,19,24,460,560,460,560,,
C0287,19,25,520,570,500,620,,
C0288,23,28,500,640,510,630,490,620
C0289,17,20,430,510,450,530,,
C0290,32,35,720,800,720,790,700,780
C0291,,,,,,,,
C0292,20,24,440,590,450,580,,
C0293,23,28,530,630,520,630,,
C0294,,,,,,,,
C0295,19,24,,,,,,
C0296,21,26,450,550,450,580,,
C0297,19,26,565,665,530,650,565,585
C0298,,,,,,,,
C0299,19,25,432,550,515,595,400,570
C0300,21,26,490,600,510,640,,
C0301,19,25,,,,,,
C0302,26,31,560,670,700,780,580,670
C0303,25,30,510,620,570,740,,
C0304,19,25,410,540,410,580,420,510
C0305,25,30,520,640,640,740,520,640
C0306,22,26,,,,,,
C0307,18,27,460,540,500,590,,
C0308,,,,,,,,
C0309,23,28,510,620,510,620,510,610
C0310,21,26,440,550,480,590,440,540
C0311,16,19,,,,,,
C0312,24,29,520,630,530,630,520,630
C0313,19,22,360,470,390,540,,
C0314,20,25,450,520,490,530,430,520
C0315,21,26,490,570,440,580,450,590
C0316,20,25,490,540,470,510,480,570
C0317,,,,,,,,
C0318,22,27,,,,,,
C0319,19,25,,,465,580,470,588
C0320,19,24,450,550,450,580,430,530
C0321,31,34,690,760,700,790,690,770
C0322,16,21,,,,,,
C0323,21,27,,,,,,
C0324,20,25,410,500,500,570,,
C0325,,,,,,,,
C0326,19,25,363,553,453,665,410,528
C0327,19,25,480,630,440,590,480,580
C0328,20,24,490,540,480,620,490,570
C0329,21,25,480,610,440,620,460,600
C0330,19,24,455,570,440,545,455,540
C0331,20,27,465,623,440,665,,
C0332,,,,,,,,
C0333,19,25,450,590,470,620,,
C0334,20,25,470,580,480,590,460,560
C0335,20,25,450,640,460,630,430,610
C0336,20,25,460,600,470,560,,
C0337,18,23,,,,,,
C0338,27,32,600,720,610,700,600,710
C0339,21,25,470,570,470,570,,
C0340,20,24,490,590,490,570,480,570
C0341,20,27,440,550,460,580,430,550
C0342,25,30,530,630,530,640,520,630
C0343,15,20,390,460,390,480,340,442
C0344,25,29,520,650,550,680,530,630
C0345,26,31,590,700,560,640,520,640
C0346,23,29,490,600,500,620,480,600
C0347,19,24,450,550,460,560,430,540
C0348,21,30,470,620,480,630,,
C0349,20,26,457,580,460,570,,
C0350,23,28,490,600,510,600,480,570
C0351,19,26,440,550,430,530,400,520
C0352,21,27,440,570,440,560,423,550
C0353,19,24,440,540,450,550,430,520
C0354,19,25,440,550,450,570,430,540
C0355,19,25,450,550,460,560,440,540
C0356,19,24,440,550,450,560,430,530
C0357,16,22,400,510,400,510,390,490
C0358,18,23,430,520,420,520,410,510
C0359,18,23,430,530,430,530,400,500
C0360,24,30,520,630,540,660,510,620
C0361,17,23,390,510,390,510,390,500
C0362,17,23,420,530,430,520,410,510
C0363,18,23,410,520,410,510,400,490
C0364,19,25,440,560,450,570,420,540
C0365,19,25,460,550,460,570,,
C0366,21,27,470,580,480,590,460,570
C0367,,,,,,,,
C0368,32,34,660,750,680,770,,
C0369,19,24,430,530,440,540,410,520
C0370,,,440,540,430,540,,
C0371,17,23,430,520,430,530,410,510
C0372,19,23,440,530,450,530,430,520
C0373,19,24,430,540,460,540,,
C0374,15,22,390,520,390,500,400,510
C0375,23,28,500,610,490,600,500,600
C0376,24,31,520,660,510,650,500,620
C0377,21,27,470,570,500,620,,
C0378,23,29,500,590,510,620,480,580
C0379,,,,,,,,
C0380,,,,,,,,
C0381,20,25,,,,,,
C0382,21,26,470,580,450,620,,
C0383,20,25,470,530,475,550,,
C0384,23,28,493,693,495,670,458,660
C0385,23,29,520,670,510,650,510,630
C0386,21,28,450,610,500,630,470,590
C0387,25,30,530,640,540,680,,
C0388,17,22,410,490,390,520,,
C0389,18,24,390,520,373,530,,
C0390,19,23,380,450,400,480,360,440
C0391,28,32,620,730,630,770,,
C0392,22,28,460,620,530,680,,
C0393,19,24,453,468,420,508,403,445
C0394,25,28,540,620,620,680,,
C0395,21,26,435,575,393,560,,
C0396,23,29,433,610,500,638,460,580
C0397,,,,,,,,
C0398,20,25,,,,,,
C0399,20,23,,,,,,
C0400,20,24,,,500,640,,
C0401,21,27,423,605,470,580,420,560
C0402,20,25,,,,,,
C0403,21,27,,,,,,
C0404,19,24,,,,,,
C0405,21,26,380,540,440,590,380,520
C0406,17,22,380,500,380,550,,
C0407,21,26,440,545,490,600,410,555
C0408,22,28,515,655,485,630,,
C0409,18,23,390,510,430,510,380,470
C0410,19,26,390,520,420,580,380,510
C0411,18,24,390,490,440,530,,
C0412,,,,,,,,
C0413,19,25,438,528,475,545,,
C0414,18,24,,,,,,
C0415,18,24,350,490,420,548,,
C0416,22,28,,,,,,
C0417,20,27,460,610,420,530,430,560
C0418,,,,,,,,
C0419,20,24,420,510,470,520,,
C0420,19,24,475,540,500,560,,
C0421,19,21,420,540,420,510,,
C0422,19,25,390,530,400,550,350,470
C0423,,,,,,,,
C0424,19,24,,,,,,
C0425,19,24,410,500,440,520,,
C0426,20,25,398,548,458,548,380,485
C0427,19,25,460,540,410,500,490,540
C0428,18,27,400,510,420,530,,
C0429,,,,,,,,
C0430,21,26,460,590,477,622,,
C0431,18,24,470,500,450,540,410,560
C0432,21,27,500,620,508,620,,
C0433,22,27,490,590,490,590,,
C0434,22,26,510,630,513,610,483,610
C0435,19,24,,,460,550,,
C0436,18,24,420,505,400,525,400,520
C0437,26,31,550,670,560,680,550,670
C0438,19,25,420,520,440,530,,
C0439,19,24,440,560,450,550,430,530
C0440,21,26,410,610,460,560,,
C0441,16,20,350,450,323,448,343,420
C0442,19,25,440,540,410,555,450,660
C0443,22,28,490,610,500,630,,
C0444,18,24,360,510,400,550,340,480
C0445,,,,,,,,
C0446,22,28,470,580,510,610,470,580
C0447,15,24,350,500,370,500,390,480
C0448,19,25,490,610,430,570,470,590
C0449,19,25,420,545,455,570,420,540
C0450,19,25,430,520,440,540,,
C0451,19,25,440,560,430,550,,
C0452,16,22,390,500,380,510,,
C0453,,,,,,,,
C0454,18,22,440,520,440,525,,
C0455,20,25,430,520,430,560,,
C0456,24,30,520,660,510,630,,
C0457,19,24,460,563,417,513,,
C0458,18,25,410,580,420,570,,
C0459,22,28,480,585,495,600,,
C0460,17,20,400,470,370,480,,
C0461,16,20,380,480,360,440,,
C0462,18,22,,,,,,
C0463,23,28,500,620,520,630,,
C0464,20,24,440,510,520,540,,
C0465,18,23,410,460,430,500,380,480
C0466,21,26,450,590,490,600,,
C0467,22,28,520,640,510,610,,
C0468,20,24,450,550,490,560,,
C0469,21,25,470,590,490,620,,
C0470,20,24,437,537,482,607,392,520
C0471,20,25,,,480,640,460,580
C0472,19,24,430,518,443,550,,
C0473,,,,,,,,
C0474,20,24,,,,,,
C0475,17,20,,,400,520,,
C0476,15,18,420,650,420,640,380,610
C0477,21,25,,,490,600,450,590
C0478,29,32,620,700,620,700,630,720
C0479,20,26,440,560,420,550,420,530
C0480,,,,,,,,
C0481,,,,,,,,
C0482,30,33,680,760,680,750,690,770
C0483,28,32,620,710,640,720,620,720
C0484,17,21,420,530,430,550,420,530
C0485,,,,,,,,
C0486,,,,,,,,
C0487,18,27,400,500,410,500,400,500
C0488,18,25,410,530,410,520,390,510
C0489,21,26,480,590,490,610,460,580
C0490,20,24,440,550,480,580,430,530
C0491,,,,,,,,
C0492,21,26,470,570,480,580,,
C0493,,,430,520,440,530,430,530
C0494,20,25,450,550,440,560,440,540
C0495,16,21,390,490,400,510,390,480
C0496,,,,,,,,
C0497,,,430,530,410,510,400,510
C0498,17,20,410,490,400,470,390,470
C0499,,,,,,,,
C0500,,,410,480,400,470,,
C0501,18,22,430,530,430,540,420,510
C0502,,,,,,,,
C0503,18,25,450,580,460,580,460,550
C0504,30,34,650,740,670,770,660,750
C0505,25,29,540,627,560,640,,
C0506,,,,,,,,
C0507,24,29,540,640,570,670,530,640
C0508,,,580,690,620,730,,
C0509,16,19,400,480,390,480,380,460
C0510,16,19,410,490,410,490,390,480
C0511,17,23,500,600,490,580,490,590
C0512,20,23,470,590,460,560,,
C0513,22,26,540,610,540,620,530,610
C0514,25,30,570,670,540,650,540,650
C0515,,,,,,,,
C0516,,,,,,,,
C0517,21,25,490,580,500,590,500,580
C0518,,,,,,,,
C0519,18,23,440,540,450,560,450,540
C0520,24,29,520,640,520,640,510,610
C0521,21,27,500,600,500,610,,
C0522,16,21,390,490,390,500,380,490
C0523,30,34,670,760,680,770,670,760
C0524,,,,,,,,
C0525,,,,,,,,
C0526,18,22,430,550,410,540,410,530
C0527,19,24,450,550,440,570,423,530
C0528,26,30,540,630,600,680,550,650
C0529,30,33,620,710,650,740,640,730
C0530,26,30,570,670,610,720,600,690
C0531,28,32,600,710,630,760,620,720
C0532,19,24,440,540,450,550,,
C0533,,,,,,,,
C0534,,,,,,,,
C0535,16,20,420,515,420,520,,
C0536,17,24,410,550,410,530,400,540
C0537,26,30,590,670,550,650,580,670
C0538,21,26,500,590,500,590,510,600
C0539,21,25,480,570,500,590,480,570
C0540,,,370,460,360,460,,
C0541,18,22,440,540,450,550,430,530
C0542,19,25,470,560,480,570,470,560
C0543,22,29,516,653,499,639,507,648
C0544,,,,,,,,
C0545,32,35,700,800,710,800,710,800
C0546,,,,,,,,
C0547,18,23,440,540,440,530,,
C0548,21,26,490,600,460,570,490,590
C0549,22,28,500,600,530,630,,
C0550,24,29,540,640,570,670,,
C0551,,,430,550,470,580,,
C0552,33,35,680,770,750,800,690,780
C0553,20,24,460,550,500,600,440,530
C0554,,,,,,,,
C0555,,,,,,,,
C0556,15,20,400,490,390,490,390,490
C0557,,,380,480,380,460,380,460
C0558,19,23,420,500,420,530,410,492
C0559,20,25,480,580,450,550,,
C0560,30,33,640,730,660,750,640,720
C0561,16,22,420,520,400,520,410,530
C0562,,,320,440,340,420,330,440
C0563,19,24,440,540,450,540,,
C0564,23,28,520,630,520,620,530,640
C0565,,,,,,,,
C0566,,,,,,,,
C0567,20,25,450,550,470,580,,
C0568,21,25,470,570,490,590,460,560
C0569,22,28,510,610,520,620,510,620
C0570,20,25,440,560,450,570,440,560
C0571,30,33,680,750,690,770,680,770
C0572,29,33,660,760,650,750,670,760
C0573,21,27,480,580,530,630,470,560
C0574,22,26,470,570,490,610,,
C0575,17,22,450,540,460,550,,
C0576,,,,,,,,
C0577,19,25,440,550,450,540,450,540
C0578,30,34,670,780,660,780,680,780
C0579,,,,,,,,
C0580,20,24,450,550,470,560,450,540
C0581,19,24,400,530,410,440,,
C0582,22,28,520,580,510,590,,
C0583,22,27,460,550,470,630,480,630
C0584,20,26,470,620,450,600,460,580
C0585,21,26,,,,,,
C0586,,,,,,,,
C0587,,,,,,,,
C0588,23,29,518,650,530,660,,
C0589,20,24,450,550,418,563,,
C0590,19,24,,,,,,
C0591,,,,,,,,
C0592,22,28,480,610,500,640,480,610
C0593,19,24,440,570,460,570,430,540
C0594,19,24,,,,,,
C0595,24,29,490,630,540,660,,
C0596,,,,,,,,
C0597,21,26,465,605,445,570,453,593
C0598,21,26,470,590,490,620,465,585
C0599,24,29,520,660,530,680,,
C0600,25,30,550,670,540,690,540,650
C0601,20,25,460,570,490,590,460,570
C0602,22,28,480,630,550,630,490,580
C0603,19,25,480,630,510,640,500,570
C0604,14,18,,,,,,
C0605,18,24,,,,,,
C0606,28,32,620,720,660,760,630,730
C0607,23,28,420,580,550,690,460,580
C0608,24,29,520,650,580,680,490,615
C0609,22,27,,,498,660,470,600
C0610,18,24,503,675,525,648,533,673
C0611,,,,,,,,
C0612,19,25,,,,,,
C0613,20,26,,,,,,
C0614,17,22,370,420,420,480,,
C0615,18,25,420,550,440,580,380,560
C0616,18,24,,,,,,
C0617,19,23,392,560,450,537,,
C0618,20,26,480,575,465,570,480,540
C0619,17,22,,,,,,
C0620,19,26,,,,,,
C0621,19,25,,,,,,
C0622,20,25,495,623,490,590,,
C0623,19,23,,,,,,
C0624,20,26,,,,,,
C0625,22,28,490,640,530,610,,
C0626,29,33,660,750,680,770,660,750
C0627,22,28,510,650,480,630,,
C0628,18,24,480,550,440,560,430,540
C0629,22,27,,,,,,
C0630,24,30,550,680,530,660,,
C0631,21,27,480,640,500,600,470,610
C0632,29,32,620,740,610,710,630,720
C0633,20,24,,,,,,
C0634,,,,,,,,
C0635,26,30,550,690,620,740,570,670
C0636,19,24,420,500,420,530,380,510
C0637,22,26,460,590,490,620,410,570
C0638,23,28,530,690,530,640,490,640
C0639,20,25,450,560,480,590,,
C0640,19,26,460,550,440,560,,
C0641,22,27,498,640,468,673,,
C0642,23,28,470,570,470,608,473,595
C0643,19,24,435,548,440,590,,
C0644,23,28,475,610,480,625,460,575
C0645,20,26,465,550,455,590,,
C0646,26,31,590,710,590,710,580,690
C0647,18,24,370,435,395,455,,
C0648,21,26,420,530,430,500,380,510
C0649,23,28,520,640,520,640,,
C0650,20,25,480,620,490,550,,
C0651,19,24,,,,,,
C0652,21,25,,,,,,
C0653,16,19,400,460,410,480,,
C0654,19,25,452,620,450,560,,
C0655,18,25,410,540,430,470,390,590
C0656,18,22,410,475,455,570,,
C0657,17,21,,,,,,
C0658,23,28,498,630,520,620,,
C0659,21,27,490,590,490,600,,
C0660,18,24,440,480,550,640,,
C0661,15,19,,,,,,
C0662,21,27,458,593,470,583,,
C0663,20,28,480,620,490,630,,
C0664,13,14,310,360,320,440,340,360
C0665,20,27,440,550,470,560,,
C0666,15,21,365,537,357,447,,
C0667,20,28,,,,,,
C0668,20,24,400,580,450,560,,
C0669,19,24,410,480,440,540,370,470
C0670,18,24,,,,,,
C0671,,,,,,,,
C0672,18,23,450,540,450,540,,
C0673,22,28,525,650,515,615,465,605
C0674,19,26,440,600,460,570,430,590
C0675,21,25,490,600,440,610,440,590
C0676,19,25,420,620,430,520,,
C0677,,,,,,,,
C0678,,,,,,,,
C0679,20,25,430,550,470,580,410,520
C0680,23,27,470,610,510,610,,
C0681,19,24,410,500,400,540,,
C0682,18,24,,,,,,
C0683,18,21,390,440,400,460,400,460
C0684,,,,,,,,
C0685,23,28,520,640,520,650,,
C0686,21,27,,,490,670,510,660
C0687,25,31,540,670,590,690,,
C0688,21,26,,,510,590,,
C0689,25,30,540,680,540,650,,
C0690,20,25,450,570,480,600,,
C0691,20,25,510,560,450,548,495,548
C0692,,,,,,,,
C0693,23,28,500,640,510,649,,
C0694,25,30,530,640,550,680,,
C0695,20,26,400,550,430,560,,
C0696,19,26,440,630,410,580,440,590
C0697,20,25,435,555,460,595,,
C0698,21,26,470,600,480,620,,
C0699,32,34,700,760,720,790,700,770
C0700,21,27,500,650,490,600,470,590
C0701,21,27,390,550,470,610,420,530
C0702,22,28,498,670,510,645,,
C0703,19,26,472,590,460,547,,
C0704,22,26,490,620,510,610,490,590
C0705,,,,,,,,
C0706,,,,,,,,
C0707,21,27,500,620,550,610,450,580
C0708,21,27,500,630,510,630,490,600
C0709,21,26,490,620,480,590,470,590
C0710,17,22,385,490,385,505,370,485
C0711,19,25,450,560,450,570,430,555
C0712,,,,,,,,
C0713,,,,,,,,
C0714,,,,,,,,
C0715,21,27,430,570,460,610,,
C0716,24,30,520,640,540,660,500,620
C0717,21,26,430,515,450,535,425,490
C0718,19,24,400,465,423,528,410,498
C0719,21,26,450,540,460,530,,
C0720,20,25,420,520,440,550,,
C0721,18,23,,,,,,
C0722,20,26,,,,,,
C0723,22,26,470,610,520,600,,
C0724,22,28,490,660,520,670,,
C0725,,,,,,,,
C0726,20,26,,,,,,
C0727,19,26,,,440,570,440,570
C0728,,,,,,,,
C0729,17,22,370,510,380,500,,
C0730,19,24,440,550,450,560,420,530
C0731,21,26,480,590,480,600,460,560
C0732,,,,,,,,
C0733,,,,,,,,
C0734,,,,,,,,
C0735,30,34,670,780,680,780,680,790
C0736,16,21,440,530,440,550,420,520
C0737,,,,,,,,
C0738,,,430,520,440,540,430,530
C0739,,,490,590,510,610,,
C0740,,,430,540,440,540,440,540
C0741,,,450,580,450,560,430,560
C0742,18,23,430,530,430,540,420,520
C0743,17,21,430,500,430,510,430,510
C0744,23,27,540,610,520,620,520,620
C0745,,,,,,,,
C0746,,,,,,,,
C0747,,,370,440,390,470,,
C0748,16,25,410,520,420,540,,
C0749,18,23,410,540,410,550,400,540
C0750,22,27,490,610,500,610,500,610
C0751,,,440,530,450,550,430,540
C0752,15,23,390,480,380,500,380,480
C0753,,,450,560,460,570,460,560
C0754,,,390,500,400,510,380,500
C0755,,,490,600,510,640,480,580
C0756,,,400,493,420,520,,
C0757,,,400,490,410,510,,
C0758,22,25,480,560,490,590,480,570
C0759,,,430,520,450,540,430,530
C0760,22,29,480,590,550,660,470,590
C0761,31,35,700,800,710,800,710,790
C0762,20,26,490,590,510,610,480,590
C0763,19,25,460,570,470,580,460,570
C0764,,,450,560,480,580,460,560
C0765,,,520,640,570,690,540,650
C0766,,,460,550,500,608,480,560
C0767,16,21,410,490,420,510,400,490
C0768,22,27,500,600,520,620,500,600
C0769,,,380,480,370,480,390,490
C0770,27,32,570,670,640,720,,
C0771,20,24,480,570,500,600,480,570
C0772,,,,,,,,
C0773,,,550,660,580,680,560,670
C0774,,,450,540,470,560,,
C0775,17,22,410,540,410,540,,
C0776,,,,,,,,
C0777,23,29,550,670,570,680,,
C0778,19,25,470,610,470,600,,
C0779,18,24,410,540,420,540,400,520
C0780,,,,,,,,
C0781,,,,,,,,
C0782,,,,,,,,
C0783,,,413,519,472,574,,
C0784,19,24,500,600,520,620,510,610
C0785,22,27,490,590,510,610,,
C0786,,,,,,,,
C0787,28,32,620,730,620,710,650,740
C0788,,,,,,,,
C0789,22,27,480,590,500,610,,
C0790,,,,,,,,
C0791,24,28,520,620,570,665,495,600
C0792,30,32,620,720,650,740,,
C0793,,,,,,,,
C0794,31,34,690,780,700,790,690,780
C0795,16,20,420,500,415,505,415,480
C0796,29,33,610,710,610,780,610,730
C0797,30,34,640,740,680,780,650,750
C0798,,,530,630,600,690,,
C0799,,,480,580,520,620,,
C0800,,,440,530,470,560,,
C0801,,,460,590,530,640,,
C0802,,,,,,,,
C0803,,,520,620,540,640,,
C0804,,,420,510,440,530,,
C0805,,,460,530,480,570,,
C0806,,,360,450,390,475,,
C0807,,,390,490,453,540,,
C0808,,,480,570,540,610,,
C0809,,,400,470,430,510,,
C0810,20,25,480,580,470,560,450,540
C0811,,,,,,,,
C0812,18,23,410,490,400,480,390,480
C0813,,,,,,,,
C0814,20,27,470,570,480,580,,
C0815,,,,,,,,
C0816,26,30,570,670,590,680,580,680
C0817,29,33,640,730,660,740,650,730
C0818,23,27,500,620,510,610,480,600
C0819,,,,,,,,
C0820,,,,,,,,
C0821,23,28,530,630,540,630,,
C0822,21,28,490,630,490,605,470,600
C0823,20,24,450,550,450,560,,
C0824,,,,,,,,
C0825,,,,,,,,
C0826,21,26,480,570,500,600,,
C0827,17,22,400,500,400,540,390,500
C0828,19,23,440,520,440,540,420,530
C0829,,,,,,,,
C0830,23,27,480,580,490,610,480,580
C0831,,,480,590,490,590,470,580
C0832,,,,,,,,
C0833,21,26,480,590,450,560,470,590
C0834,,,390,480,370,490,,
C0835,,,,,,,,
C0836,20,25,480,560,490,580,470,570
C0837,20,24,450,540,460,550,,
C0838,17,23,420,500,410,500,420,510
C0839,,,,,,,,
C0840,22,25,450,520,450,535,440,510
C0841,22,28,505,635,510,605,,
C0842,28,32,620,720,630,740,640,730
C0843,21,25,460,550,470,570,,
C0844,20,24,440,550,490,600,,
C0845,17,22,400,535,370,520,,
C0846,21,25,470,570,470,570,,
C0847,20,25,450,530,430,530,,
C0848,28,32,550,660,640,740,550,650
C0849,27,31,620,720,670,768,,
C0850,20,25,450,590,470,580,440,560
C0851,25,31,540,640,570,680,520,630
C0852,29,32,600,700,650,750,620,700
C0853,,,,,,,,
C0854,21,27,460,580,470,600,450,570
C0855,,,430,510,420,520,420,520
C0856,,,,,,,,
C0857,,,,,,,,
C0858,17,20,420,520,410,530,410,510
C0859,,,,,,,,
C0860,22,27,500,600,520,620,480,590
C0861,26,30,560,680,570,670,570,690
C0862,21,25,470,570,480,580,460,560
C0863,22,27,480,570,510,600,460,560
C0864,21,27,480,590,490,620,,
C0865,21,26,470,570,530,610,,
C0866,,,,,,,,
C0867,,,,,,,,
C0868,16,22,450,540,450,540,,
C0869,19,23,430,510,450,540,,
C0870,17,21,420,500,420,530,,
C0871,22,26,490,580,520,610,,
C0872,27,30,590,675,630,710,580,670
C0873,23,28,500,600,550,660,,
C0874,26,30,550,650,600,700,540,650
C0875,23,27,520,620,540,640,,
C0876,22,26,450,550,500,580,,
C0877,21,26,470,570,490,590,450,550
C0878,,,440,520,450,540,,
C0879,21,25,480,550,500,580,,
C0880,21,26,470,570,470,580,,
C0881,27,29,580,690,600,700,,
C0882,23,27,510,610,520,610,510,600
C0883,22,25,500,580,520,600,490,580
C0884,22,26,520,590,520,590,,
C0885,,,,,,,,
C0886,21,26,500,600,480,580,490,600
C0887,19,22,450,530,470,550,430,520
C0888,20,24,460,550,470,570,,
C0889,,,,,,,,
C0890,20,26,450,570,480,600,430,560
C0891,23,28,500,620,540,650,520,630
C0892,,,,,,,,
C0893,,,,,,,,
C0894,,,,,,,,
C0895,28,31,590,680,630,720,590,690
C0896,,,,,,,,
C0897,18,23,410,520,420,530,400,500
C0898,30,33,660,740,650,730,660,750
C0899,22,27,530,630,520,640,520,620
C0900,21,26,480,600,470,590,460,560
C0901,23,29,550,680,550,690,540,670
C0902,24,28,520,620,540,620,500,590
C0903,18,22,410,500,430,520,390,480
C0904,18,24,428,540,440,530,,
C0905,,,,,,,,
C0906,18,22,420,520,430,530,,
C0907,17,27,380,655,385,645,390,650
C0908,,,430,540,440,560,,
C0909,14,17,360,430,340,440,340,420
C0910,29,33,630,730,600,710,610,710
C0911,30,34,670,760,690,790,680,780
C0912,21,24,480,550,500,570,450,540
C0913,16,18,380,450,400,470,370,440
C0914,23,26,560,660,560,660,560,660
C0915,17,19,380,450,400,470,360,430
C0916,19,25,440,550,460,570,430,550
C0917,15,21,390,500,400,520,380,480
C0918,20,26,460,610,480,580,450,580
C0919,21,26,490,580,500,600,480,580
C0920,15,19,363,470,370,450,,
C0921,,,,,,,,
C0922,18,23,430,530,450,550,,
C0923,13,16,320,410,320,410,310,390
C0924,17,23,410,510,420,530,,
C0925,20,25,460,570,470,570,,
C0926,18,23,420,520,440,540,400,490
C0927,17,23,400,550,420,530,,
C0928,17,20,400,490,420,530,,
C0929,17,21,400,480,420,500,390,470
C0930,24,27,550,650,550,640,520,620
C0931,28,32,590,700,610,710,580,690
C0932,20,25,480,560,500,600,470,550
C0933,21,25,460,560,470,560,440,540
C0934,16,19,390,460,400,470,370,450
C0935,25,30,550,640,590,670,520,620
C0936,15,20,370,470,400,500,,
C0937,22,26,540,620,560,630,520,600
C0938,16,21,410,520,400,510,,
C0939,18,21,410,500,430,510,390,480
C0940,18,22,410,520,440,540,400,500
C0941,21,26,470,560,470,580,460,560
C0942,14,20,340,530,360,500,,
C0943,13,17,330,423,335,435,,
C0944,22,27,510,620,490,580,,
C0945,,,,,,,,
C0946,18,23,430,510,450,530,400,490
C0947,,,,,,,,
C0948,23,27,530,660,480,590,520,610
C0949,19,24,440,550,470,570,430,530
C0950,16,19,410,470,430,490,380,460
C0951,20,24,460,560,480,570,440,530
C0952,18,23,425,533,405,505,380,475
C0953,21,24,430,570,430,530,,
C0954,20,25,450,570,450,560,,
C0955,,,,,,,,
C0956,19,24,428,500,438,543,,
C0957,21,26,470,590,500,610,450,550
C0958,21,26,490,625,490,650,450,580
C0959,18,23,420,460,440,510,380,440
C0960,18,25,450,590,470,610,,
C0961,20,25,430,550,440,550,440,530
C0962,21,27,470,610,480,590,,
C0963,19,25,430,560,440,580,,
C0964,19,24,440,560,440,570,450,580
C0965,21,27,470,600,490,610,440,580
C0966,29,33,600,720,670,760,620,710
C0967,24,29,540,640,540,640,520,630
C0968,15,19,370,470,360,450,,
C0969,22,28,490,620,510,640,490,600
C0970,17,23,400,490,360,490,380,470
C0971,19,25,450,570,460,580,,
C0972,24,29,490,600,530,630,500,590
C0973,18,23,380,530,410,550,,
C0974,27,31,590,660,600,670,,
C0975,21,26,480,570,480,580,470,560
C0976,,,,,,,,
C0977,19,25,430,600,450,580,430,560
C0978,22,27,490,590,500,600,480,600
C0979,,,,,,,,
C0980,20,25,470,570,470,570,450,560
C0981,28,32,630,720,600,690,630,730
C0982,19,23,430,520,440,540,405,515
C0983,,,,,,,,
C0984,19,26,460,558,463,578,,
C0985,21,27,,,500,630,440,660
C0986,25,30,540,650,580,680,,
C0987,20,25,440,540,540,580,,
C0988,20,26,480,620,470,580,,
C0989,19,24,400,520,380,550,,
C0990,18,24,400,520,420,540,380,500
C0991,18,22,398,500,418,520,,
C0992,28,32,650,740,620,715,645,730
C0993,20,24,440,540,480,580,430,520
C0994,23,29,490,620,530,650,500,620
C0995,,,,,,,,
C0996,,,,,,,,
C0997,,,,,,,,
C0998,,,,,,,,
C0999,27,31,540,660,610,720,550,660
C1000,22,26,480,600,490,600,470,580
C1001,22,27,490,620,500,630,490,610
C1002,21,26,490,590,490,585,470,570
C1003,,,,,,,,
C1004,,,,,,,,
C1005,23,28,540,650,510,620,,
C1006,18,23,440,523,420,540,,
C1007,19,25,450,570,460,600,430,560
C1008,,,,,,,,
C1009,,,,,,,,
C1010,19,24,430,630,480,580,440,600
C1011,20,25,440,570,480,580,,
C1012,,,,,,,,
C1013,19,24,420,550,430,570,,
C1014,23,25,520,620,520,620,,
C1015,25,30,550,670,550,660,560,650
C1016,,,,,,,,
C1017,23,27,500,600,510,610,490,590
C1018,,,,,,,,
C1019,15,19,350,485,385,510,,
C1020,18,24,410,520,430,560,400,500
C1021,,,,,,,,
C1022,,,,,,,,
C1023,20,24,,,,,,
C1024,18,23,370,530,430,560,,
C1025,,,,,,,,
C1026,18,23,,,,,,
C1027,17,22,,,,,,
C1028,22,28,460,620,450,610,440,570
C1029,16,21,,,,,,
C1030,22,28,490,600,520,620,,
C1031,21,27,460,600,470,600,,
C1032,23,29,490,620,500,610,480,620
C1033,23,29,500,630,530,650,,
C1034,20,25,460,570,450,560,,
C1035,17,23,,,,,,
C1036,,,,,,,,
C1037,18,24,475,545,430,530,,
C1038,18,22,,,,,,
C1039,17,23,420,575,440,605,410,570
C1040,18,24,,,,,,
C1041,25,32,560,710,570,690,,
C1042,18,24,440,550,450,550,,
C1043,,,410,530,410,520,410,500
C1044,20,26,470,600,470,600,460,590
C1045,26,31,600,700,580,670,580,690
C1046,21,26,480,600,500,600,470,570
C1047,,,,,,,,
C1048,18,23,450,535,435,530,430,540
C1049,20,25,440,550,460,580,420,530
C1050,21,27,480,600,490,630,,
C1051,22,27,490,600,500,620,,
C1052,21,27,490,600,500,610,,
C1053,,,460,590,460,580,,
C1054,,,550,650,540,650,,
C1055,28,33,660,750,620,720,638,720
C1056,,,450,570,460,560,430,540
C1057,,,,,,,,
C1058,20,26,480,590,470,590,450,568
C1059,24,29,540,660,540,650,535,640
C1060,,,410,530,420,540,,
C1061,20,25,460,580,460,550,420,530
C1062,20,25,460,560,470,570,,
C1063,23,29,530,640,540,650,520,630
C1064,22,26,470,590,460,600,,
C1065,18,22,440,530,450,540,440,530
C1066,22,27,500,600,500,578,490,590
C1067,19,23,440,530,460,550,430,530
C1068,27,32,600,710,610,760,620,720
C1069,27,32,580,680,620,720,600,690
C1070,17,23,390,500,390,500,380,500
C1071,17,21,440,530,440,540,410,510
C1072,17,23,435,525,420,510,420,520
C1073,30,34,640,740,700,790,650,750
C1074,17,24,430,520,410,530,410,510
C1075,,,,,,,,
C1076,19,23,430,540,420,520,420,520
C1077,,,,,,,,
C1078,,,400,510,400,520,380,500
C1079,19,25,430,563,450,560,420,540
C1080,27,31,590,675,600,690,590,680
C1081,24,30,510,630,560,680,520,630
C1082,22,27,510,600,520,610,500,600
C1083,18,22,430,480,450,530,,
C1084,18,24,480,570,470,570,470,560
C1085,17,22,410,520,410,520,400,500
C1086,21,28,490,610,510,620,,
C1087,,,,,,,,
C1088,20,26,460,560,470,590,,
C1089,20,26,470,590,480,600,450,570
C1090,27,29,600,690,600,680,,
C1091,,,,,,,,
C1092,16,22,430,520,420,530,420,520
C1093,30,33,660,750,650,740,660,750
C1094,16,22,420,510,430,510,410,510
C1095,18,21,420,530,420,520,430,530
C1096,17,22,440,530,450,540,430,520
C1097,,,,,,,,
C1098,17,21,400,500,400,500,390,490
C1099,,,,,,,,
C1100,18,22,430,520,440,530,420,510
C1101,17,24,400,520,400,520,380,470
C1102,19,25,440,550,440,550,,
C1103,27,31,570,670,610,700,580,690
C1104,22,27,490,600,510,620,,
C1105,28,32,580,670,640,740,,
C1106,15,20,380,470,390,470,370,460
C1107,17,23,410,510,430,520,410,500
C1108,21,26,460,570,470,580,450,550
C1109,19,23,420,530,430,540,400,500
C1110,,,470,570,480,580,460,570
C1111,21,26,470,580,470,580,460,560
C1112,23,29,520,620,510,640,500,620
C1113,19,24,460,550,460,560,440,540
C1114,20,26,470,560,500,580,,
C1115,,,,,,,,
C1116,18,22,400,490,410,510,385,490
C1117,25,31,570,670,570,670,570,670
C1118,16,20,390,470,380,480,380,470
C1119,19,25,460,560,490,600,440,540
C1120,,,,,,,,
C1121,16,27,430,550,430,570,410,520
C1122,15,22,400,480,390,510,380,480
C1123,19,23,430,550,440,570,410,500
C1124,19,22,420,520,410,530,410,500
C1125,19,28,430,550,450,570,420,530
C1126,19,23,440,530,450,560,430,530
C1127,16,24,420,530,420,540,390,500
C1128,19,25,430,530,440,570,410,520
C1129,22,24,440,550,460,600,430,540
C1130,17,23,420,520,440,560,410,530
C1131,20,22,420,520,410,550,390,505
C1132,18,21,410,520,400,550,390,500
C1133,20,24,410,520,420,540,400,500
C1134,25,29,530,630,560,670,540,640
C1135,18,24,410,520,420,560,390,500
C1136,20,23,410,530,420,555,390,510
C1137,18,24,390,510,430,550,390,510
C1138,18,21,360,485,360,490,360,470
C1139,21,25,410,540,440,570,415,520
C1140,,,,,,,,
C1141,30,34,670,760,690,780,690,780
C1142,21,25,480,570,480,590,470,570
C1143,18,26,443,588,430,550,,
C1144,19,23,420,530,440,550,410,520
C1145,20,24,460,540,470,560,440,530
C1146,20,24,450,550,470,570,440,540
C1147,26,30,570,660,600,680,560,660
C1148,19,25,450,560,420,540,440,550
C1149,21,24,460,550,480,590,450,550
C1150,19,23,410,530,390,510,,
C1151,20,25,460,510,470,590,460,560
C1152,22,26,510,590,510,610,510,600
C1153,20,25,450,570,460,580,455,570
C1154,22,27,510,600,520,610,,
C1155,19,26,450,570,450,580,440,570
C1156,18,22,440,530,450,550,430,520
C1157,19,23,450,540,470,550,440,530
C1158,23,27,510,620,510,610,490,610
C1159,31,34,680,760,670,770,680,770
C1160,22,27,500,610,510,620,500,610
C1161,18,23,430,520,440,540,,
C1162,24,30,520,640,540,640,530,640
C1163,19,25,470,510,420,530,,
C1164,29,31,590,690,620,710,600,690
C1165,,,,,,,,
C1166,20,25,450,560,440,550,,
C1167,,,500,590,520,600,490,590
C1168,20,25,460,580,460,570,445,560
C1169,,,450,550,470,580,,
C1170,,,470,570,480,600,450,560
C1171,19,24,440,570,420,550,430,560
C1172,20,25,470,560,480,578,450,550
C1173,29,34,660,760,670,780,670,770
C1174,23,27,510,590,540,630,500,590
C1175,,,,,,,,
C1176,,,,,,,,
C1177,23,28,520,620,530,640,530,640
C1178,17,22,410,520,410,520,410,520
C1179,22,26,480,580,490,590,480,580
C1180,,,,,,,,
C1181,23,26,510,590,510,600,505,600
C1182,,,,,,,,
C1183,21,26,480,600,480,580,460,580
C1184,18,23,430,540,440,540,,
C1185,,,,,,,,
C1186,15,22,400,540,410,510,378,510
C1187,23,28,530,630,540,630,,
C1188,21,25,480,590,500,600,450,560
C1189,15,21,380,490,380,510,,
C1190,26,31,560,660,590,680,490,610
C1191,18,22,430,520,440,530,,
C1192,19,25,480,620,460,580,460,590
C1193,20,24,470,570,450,560,,
C1194,21,26,480,590,480,570,,
C1195,19,24,450,550,460,560,,
C1196,17,22,410,530,420,530,390,500
C1197,25,30,550,670,570,670,,
C1198,18,22,413,530,420,520,410,500
C1199,20,23,450,530,480,560,,
C1200,,,,,,,,
C1201,17,22,410,520,420,540,370,500
C1202,21,29,450,670,470,670,440,660
C1203,22,28,490,600,510,610,,
C1204,18,23,430,540,440,540,410,520
C1205,18,22,410,500,420,510,,
C1206,24,29,540,640,560,650,,
C1207,19,23,450,530,460,550,,
C1208,17,19,400,416,425,436,,
C1209,19,23,440,530,440,540,,
C1210,,,,,,,,
C1211,19,25,460,570,460,570,,
C1212,24,29,540,620,540,640,520,620
C1213,21,27,,,,,,
C1214,19,23,423,635,430,594,408,510
C1215,19,24,400,620,440,550,,
C1216,19,27,400,580,410,590,,
C1217,20,25,,,,,,
C1218,19,25,,,370,580,420,540
C1219,18,22,380,470,410,470,340,450
C1220,20,25,440,590,460,600,,
C1221,20,26,400,460,410,510,430,480
C1222,21,26,,,460,620,430,580
C1223,23,27,420,520,370,440,,
C1224,19,24,430,540,430,560,,
C1225,24,29,540,640,530,630,,
C1226,17,22,390,510,445,505,,
C1227,20,25,450,600,470,600,460,580
C1228,20,26,445,575,465,580,,
C1229,21,27,,,,,,
C1230,19,23,420,540,430,530,420,530
C1231,22,28,520,650,510,650,,
C1232,19,25,440,550,450,550,,
C1233,17,18,420,430,430,440,420,430
C1234,,,,,,,,
C1235,21,27,480,600,470,570,,
C1236,20,25,450,560,470,560,,
C1237,13,16,360,510,280,530,640,680
C1238,14,17,,,,,,
C1239,21,27,490,600,460,580,,
C1240,19,27,480,500,500,540,,
C1241,,,,,,,,
C1242,21,26,450,550,450,550,,
C1243,19,25,450,600,460,600,450,580
C1244,19,24,450,580,450,570,,
C1245,22,26,480,583,460,583,450,600
C1246,27,31,590,690,580,680,,
C1247,26,30,580,670,560,650,570,670
C1248,20,25,470,600,450,580,460,590
C1249,19,24,430,510,450,540,,
C1250,21,25,470,590,470,590,,
C1251,24,29,520,640,520,650,,
C1252,20,25,,,,,,
C1253,,,,,,,,
C1254,20,26,450,600,470,650,,
C1255,19,26,480,590,450,570,,
C1256,18,23,400,520,440,520,,
C1257,22,29,580,680,520,670,,
C1258,32,34,700,780,710,790,680,770
C1259,21,27,470,580,490,600,450,560
C1260,18,23,420,520,440,540,,
C1261,23,27,540,660,560,670,520,630
C1262,24,29,550,660,570,670,530,640
C1263,20,25,450,550,480,570,,
C1264,17,23,420,520,450,540,400,500
C1265,18,27,472,656,476,648,,
C1266,24,30,550,680,540,650,530,660
C1267,18,22,430,520,450,530,,
C1268,19,23,430,540,460,560,410,530
C1269,18,24,430,540,450,550,,
C1270,20,25,450,550,480,560,430,530
C1271,21,27,470,580,490,590,450,560
C1272,,,,,,,,
C1273,16,21,380,480,420,510,,
C1274,16,21,390,490,420,518,,
C1275,22,27,490,610,540,640,,
C1276,18,22,420,520,440,530,,
C1277,13,17,350,450,350,450,,
C1278,18,23,430,520,440,540,,
C1279,,,,,,,,
C1280,18,23,430,530,440,550,,
C1281,16,20,390,491,410,520,,
C1282,22,30,500,640,530,660,,
C1283,19,24,440,560,450,570,420,560
C1284,21,27,460,560,480,580,430,530
C1285,18,24,420,540,440,550,,
C1286,19,23,440,540,460,550,420,520
C1287,21,26,490,600,510,610,,
C1288,14,21,400,490,420,500,,
C1289,18,21,410,510,440,540,400,500
C1290,,,,,,,,
C1291,13,18,360,440,360,450,380,490
C1292,15,20,370,460,380,480,360,450
C1293,31,34,670,760,700,790,670,770
C1294,22,26,510,610,510,610,490,600
C1295,23,28,490,590,510,620,483,588
C1296,19,23,450,540,470,550,,
C1297,19,24,430,540,450,550,420,520
C1298,21,24,470,570,480,580,450,545
C1299,27,31,600,690,620,700,590,680
C1300,,,,,,,,
C1301,22,29,520,640,540,640,,
C1302,19,24,430,540,460,550,420,520
C1303,21,25,460,560,480,570,440,540
C1304,17,22,420,550,410,540,,
C1305,,,,,,,,
C1306,15,21,360,490,380,500,360,470
C1307,19,23,430,530,450,550,410,500
C1308,16,21,380,490,410,520,,
C1309,,,,,,,,
C1310,23,29,520,630,550,660,490,610
C1311,20,26,460,580,500,620,450,560
C1312,25,31,550,670,590,710,550,680
C1313,25,31,550,670,600,700,,
C1314,17,22,390,500,420,530,,
C1315,21,25,470,560,490,598,450,550
C1316,25,29,540,620,550,650,540,640
C1317,,,,,,,,
C1318,20,25,450,560,480,580,430,540
C1319,19,23,450,550,475,570,,
C1320,20,25,450,570,490,590,440,540
C1321,15,19,370,450,380,470,350,440
C1322,22,27,490,590,520,620,470,560
C1323,19,22,460,550,480,540,423,520
C1324,17,23,410,530,430,540,400,520
C1325,26,31,560,690,590,680,,
C1326,17,23,400,510,410,530,370,480
C1327,19,24,420,540,440,540,,
C1328,,,,,,,,
C1329,26,31,570,680,580,680,,
C1330,21,26,470,590,480,580,,
C1331,,,,,,,,
C1332,20,26,470,570,460,580,440,550
C1333,,,,,,,,
C1334,,,,,,,,
C1335,20,27,480,610,490,630,,
C1336,,,,,,,,
C1337,21,27,483,620,500,648,480,610
C1338,,,,,,,,
C1339,22,28,500,610,500,610,,
C1340,,,,,,,,
C1341,,,,,,,,
C1342,17,23,420,520,430,540,410,500
C1343,22,28,500,620,490,620,490,600
C1344,,,,,,,,
C1345,,,,,,,,
C1346,15,23,430,540,410,530,420,520
C1347,18,21,410,520,400,530,400,510
C1348,,,,,,,,
C1349,31,33,630,740,640,740,650,750
C1350,21,26,470,570,480,590,,
C1351,23,28,530,650,530,640,530,630
C1352,,,,,,,,
C1353,16,18,335,500,370,485,325,545
C1354,16,20,400,490,390,490,400,478
C1355,,,,,,,,
C1356,16,21,410,520,430,530,400,510
C1357,24,29,540,640,540,650,540,650
C1358,17,22,420,520,420,530,380,480
C1359,16,21,390,500,410,510,,
C1360,20,25,460,560,470,570,430,550
C1361,28,32,640,740,630,720,620,720
C1362,19,25,500,630,460,570,,
C1363,23,28,540,630,530,620,,
C1364,18,25,430,560,450,560,410,540
C1365,18,25,433,568,430,560,423,550
C1366,14,20,390,490,390,490,370,470
C1367,24,28,520,620,530,630,,
C1368,22,27,495,600,510,615,480,575
C1369,18,23,460,550,460,540,,
C1370,21,27,500,640,470,580,,
C1371,23,27,520,620,530,630,,
C1372,19,26,460,570,440,570,,
C1373,19,23,460,550,460,540,,
C1374,19,24,450,550,440,560,440,540
C1375,18,25,430,550,400,510,410,540
C1376,22,26,510,620,500,590,490,600
C1377,20,24,470,570,460,560,460,560
C1378,16,20,400,480,400,480,380,460
C1379,18,23,460,560,470,570,,
C1380,18,22,450,540,450,540,440,520
C1381,21,26,490,590,490,590,480,580
C1382,21,28,490,610,480,590,480,590
C1383,28,31,590,690,620,720,600,690
C1384,21,26,490,600,490,590,490,580
C1385,19,26,440,550,450,570,430,550
C1386,17,26,460,570,458,560,440,553
C1387,21,27,480,620,458,590,,
C1388,17,22,430,530,430,520,410,500
C1389,18,22,410,545,380,475,,
C1390,,,540,640,580,680,540,640
C1391,21,26,500,610,500,600,490,590
C1392,29,33,620,720,630,740,620,720
C1393,22,27,520,620,530,630,490,600
C1394,15,18,370,450,360,445,360,440
C1395,13,17,340,420,330,420,,
C1396,18,24,458,573,450,570,,
C1397,30,33,650,740,660,720,650,730
C1398,18,23,430,550,450,550,420,520
C1399,,,,,,,,
C1400,18,23,420,540,430,550,410,520
C1401,20,27,500,630,450,580,460,590
C1402,25,29,540,640,550,650,,
C1403,,,,,,,,
C1404,,,373,515,360,547,,
C1405,19,28,480,600,470,570,480,570
C1406,22,28,490,610,490,610,470,590
C1407,25,30,570,670,550,660,550,670
C1408,19,25,470,580,480,600,460,570
C1409,23,28,520,630,510,610,500,620
C1410,24,29,520,640,530,630,520,630
C1411,20,27,460,600,460,600,450,570
C1412,19,25,450,570,460,580,440,550
C1413,25,30,520,650,580,710,530,640
C1414,22,28,490,620,500,600,,
C1415,28,32,610,730,610,693,608,700
C1416,,,,,,,,
C1417,19,24,420,520,450,530,400,490
C1418,17,24,380,530,390,510,370,490
C1419,17,21,410,500,420,430,370,510
C1420,19,24,410,515,420,535,,
C1421,18,24,430,530,420,520,410,520
C1422,17,23,400,520,410,540,,
C1423,18,23,410,520,420,520,,
C1424,16,21,360,480,370,460,,
C1425,20,24,450,550,430,540,430,540
C1426,19,23,410,520,400,520,410,500
C1427,,,,,,,,
C1428,19,24,460,560,450,540,,
C1429,18,22,405,495,370,480,370,470
C1430,18,24,400,510,430,530,380,500
C1431,18,24,430,530,470,550,,
C1432,20,25,432,510,440,557,420,550
C1433,21,26,460,560,470,580,,
C1434,20,24,460,563,450,550,448,550
C1435,17,23,,,,,,
C1436,24,30,550,710,540,660,,
C1437,20,24,420,550,450,580,,
C1438,21,26,,,,,,
C1439,21,27,480,570,530,610,,
C1440,20,25,424,555,456,620,383,505
C1441,20,25,,,,,,
C1442,19,24,410,520,420,440,420,450
C1443,,,,,,,,
C1444,20,26,455,585,420,540,445,565
C1445,18,22,,,,,,
C1446,25,29,520,630,550,650,520,630
C1447,25,30,540,640,590,680,,
C1448,17,23,468,575,473,585,370,545
C1449,,,,,,,,
C1450,21,27,485,630,485,610,,
C1451,21,28,490,630,510,680,,
C1452,22,27,,,,,,
C1453,17,23,438,493,455,505,428,443
C1454,21,26,,,,,,
C1455,20,24,470,580,470,600,470,540
C1456,22,26,,,,,,
C1457,21,25,,,,,,
C1458,23,26,,,,,,
C1459,21,27,450,550,460,585,,
C1460,20,24,,,,,,
C1461,19,23,,,,,,
C1462,20,24,,,,,,
C1463,19,24,,,,,,
C1464,26,30,530,650,630,750,580,670
C1465,20,24,,,,,,
C1466,20,25,,,,,,
C1467,20,24,,,,,,
C1468,21,25,,,,,,
C1469,22,27,480,610,500,630,,
C1470,31,34,680,780,700,790,690,780
C1471,24,30,520,630,560,690,520,630
C1472,,,,,,,,
C1473,,,,,,,,
C1474,,,,,,,,
C1475,,,,,,,,
C1476,,,,,,,,
C1477,,,,,,,,
C1478,,,,,,,,
C1479,,,,,,,,
C1480,,,,,,,,
C1481,27,30,620,720,570,660,590,680
C1482,,,,,,,,
C1483,,,,,,,,
C1484,18,23,430,530,430,540,,
C1485,,,,,,,,
C1486,,,,,,,,
C1487,19,23,430,560,460,590,420,530
C1488,17,23,410,540,430,550,410,510
C1489,,,,,,,,
C1490,,,,,,,,
C1491,,,,,,,,
C1492,25,29,500,640,580,700,540,630
C1493,,,,,,,,
C1494,,,,,,,,
C1495,,,,,,,,
C1496,,,,,,,,
C1497,18,24,430,540,430,540,,
C1498,,,,,,,,
C1499,,,,,,,,
C1500,,,,,,,,
C1501,,,,,,,,
C1502,,,,,,,,
C1503,,,,,,,,
C1504,20,24,470,550,470,550,460,540
C1505,,,,,,,,
C1506,,,,,,,,
C1507,,,,,,,,
C1508,,,,,,,,
C1509,,,,,,,,
C1510,16,21,360,480,400,500,,
C1511,,,,,,,,
C1512,17,23,430,530,420,530,,
C1513,,,,,,,,
C1514,,,,,,,,
C1515,,,,,,,,
C1516,,,,,,,,
C1517,20,26,460,620,470,590,460,600
C1518,,,,,,,,
C1519,,,,,,,,
C1520,,,,,,,,
C1521,,,,,,,,
C1522,,,,,,,,
C1523,,,,,,,,
C1524,,,,,,,,
C1525,,,,,,,,
C1526,21,25,490,590,490,570,470,560
C1527,,,,,,,,
C1528,,,,,,,,
C1529,,,,,,,,
C1530,22,25,502,580,490,570,490,570
C1531,24,28,540,630,510,600,520,640
C1532,,,,,,,,
C1533,,,,,,,,
C1534,,,,,,,,
