ID,Admission rate (%),Admission yield (%),Admissions total,Applicants total,,4-year graduation rate (%),5-year graduation rate (%),6-year graduation rate (%)
C1279,,,,,,40,62,65
C1306,52,36,855,1638,,33,54,59
C0369,73,23,475,652,,81,85,86
C1460,81,44,4162,5117,,2,6,10
C0040,61,43,209,344,,9,9,12
C0583,68,21,1833,2699,,32,41,44
C0290,9,53,2670,30304,,50,61,63
C1271,73,26,4297,5872,,23,43,49
C0286,76,34,1926,2536,,21,41,43
C0538,60,13,4006,6623,,56,57,57
C0183,62,30,1833,2933,,59,75,76
C1319,84,33,846,1007,,13,13,13
C0827,87,18,4949,5695,,31,51,54
C0627,80,34,1994,2493,,57,70,71
C0257,67,27,1798,2690,,24,40,47
C0471,77,50,2668,3454,,83,83,83
C0367,,,,,,11,29,40
C0971,63,41,4255,6768,,52,59,60
C1401,97,33,1537,1583,,41,55,55
C0064,79,33,3036,3853,,11,27,32
C1495,,,,,,15,34,42
C1115,80,27,1308,1636,,27,37,39
C0003,,,,,,65,75,76
C0701,72,26,1021,1420,,74,78,78
C1080,44,24,2589,5826,,18,27,29
C0924,64,22,1869,2899,,13,29,33
C1007,91,34,10040,11066,,61,72,73
C0071,58,34,7137,12239,,11,26,34
C0760,65,36,2844,4344,,19,32,36
C1490,65,46,90,139,,,,
C1179,79,19,15603,19824,,48,67,71
C0085,22,35,15981,72676,,45,51,51
C1173,9,58,2654,28919,,61,64,64
C1418,49,22,859,1736,,71,81,82
C0965,76,25,2768,3640,,39,47,49
C1376,81,26,3640,4496,,9,14,18
C0547,76,18,2729,3584,,35,47,47
C0939,72,46,2224,3087,,6,13,18
C0675,65,36,441,676,,39,44,44
C1455,85,45,4830,5704,,54,69,70
C0479,54,26,2560,4703,,31,52,56
C0251,55,46,7592,13890,,46,57,59
C0505,58,14,7891,13604,,21,40,46
C0115,74,33,1716,2316,,46,46,46
C0105,,,,,,8,23,29
C1432,77,35,1356,1762,,59,66,68
C0780,,,,,,70,78,79
C0666,36,16,945,2661,,14,14,14
C0331,60,36,878,1469,,14,29,36
C1086,70,20,2654,3815,,29,40,44
C1483,,,,,,65,73,74
C0443,69,35,13592,19810,,35,43,46
C1237,49,18,2256,4589,,,,
C0604,94,21,859,916,,25,36,38
C0720,85,47,2197,2589,,60,76,77
C1143,51,50,313,610,,5,12,15
C0623,67,35,2408,3606,,54,58,58
C0302,62,35,20716,33203,,70,78,78
C1182,,,,,,88,93,94
C1038,80,67,800,1001,,36,47,48
C0875,51,37,777,1538,,69,88,90
C0676,68,36,479,703,,52,66,69
C0589,63,24,12143,19262,,20,40,44
C0075,58,33,9444,16242,,56,65,66
C0148,22,41,1288,5780,,67,76,78
C1500,65,15,3267,5029,,28,49,55
C0030,,,,,,35,44,50
C1116,69,36,1063,1546,,8,11,18
C1402,67,24,4650,6991,,39,56,59
C0995,,,,,,44,53,55
C0137,70,38,1043,1495,,35,48,51
C1139,84,27,1123,1329,,49,54,55
C0093,49,36,276,561,,25,37,40
C1268,37,61,309,830,,,,
C0508,47,33,12333,26247,,32,53,57
C1191,53,36,678,1273,,39,51,54
C1076,58,18,1058,1829,,46,51,52
C1396,93,13,3527,3788,,,,
C0222,77,26,2435,3178,,60,68,68
C0556,61,21,1438,2371,,54,66,69
C0134,55,47,318,573,,22,44,51
C0109,47,29,1627,3479,,10,31,39
C1248,38,55,885,2313,,8,23,32
C0325,21,84,857,4080,,24,48,53
C1124,82,48,591,722,,46,60,62
C0475,36,58,1336,3721,,30,51,57
C0462,61,60,656,1080,,16,26,30
C0380,,,,,,50,63,63
C0778,65,46,7405,11467,,47,60,62
C1335,97,44,8757,9052,,17,39,44
C0617,68,31,962,1422,,49,59,61
C0612,73,34,4931,6743,,87,91,93
C1287,60,42,10922,18299,,37,55,60
C1403,,,,,,38,63,68
C0806,91,15,6913,7563,,13,29,36
C0383,78,19,969,1250,,11,21,23
C0881,46,24,4184,9164,,33,46,50
C1048,70,37,224,318,,60,65,65
C1108,72,28,1244,1737,,24,40,44
C0122,37,22,3630,9721,,47,56,56
C1303,75,36,14219,18939,,23,35,37
C0238,78,12,1691,2160,,35,41,46
C0271,43,35,338,779,,14,27,30
C1242,73,22,1594,2196,,40,51,51
C1235,92,37,959,1042,,36,54,56
C0568,72,25,5816,8063,,81,85,86
C0340,61,35,10364,17118,,6,13,17
C1092,66,26,812,1232,,15,35,44
C0466,67,45,3424,5077,,21,27,28
C0164,,,,,,13,34,43
C0942,41,54,69,168,,14,30,34
C0533,,,,,,60,64,66
C0438,71,27,1801,2527,,24,58,66
C0129,64,19,20070,31462,,,,
C0133,36,32,849,2378,,4,10,12
C0224,45,30,12900,28512,,59,65,66
C0091,45,25,5253,11750,,14,30,43
C0718,58,63,152,260,,,,
C0038,,,,,,23,29,29
C0901,82,66,1294,1575,,39,61,66
C0564,49,16,2076,4239,,42,53,56
C0163,64,36,3560,5551,,54,60,64
C1479,,,,,,13,25,30
C0168,71,15,6585,9254,,24,37,37
C0324,89,29,955,1078,,50,64,65
C0630,63,20,3037,4804,,31,35,38
C1470,6,76,2208,38828,,20,39,46
C0934,50,31,4472,8886,,28,46,49
C0225,46,63,332,727,,20,36,37
C1469,96,40,4001,4181,,86,89,89
C0070,72,27,4158,5763,,34,55,60
C0381,70,27,980,1409,,67,72,72
C0534,62,18,3416,5551,,20,33,33
C1292,42,32,4548,10747,,41,54,56
C1054,67,13,6361,9523,,74,79,80
C0069,66,30,4393,6630,,39,45,46
C0234,70,52,2182,3118,,13,22,24
C0621,83,26,12113,14621,,22,41,54
C0607,69,37,21610,31479,,54,63,67
C0226,59,14,6227,10509,,18,33,37
C1533,53,31,65,122,,29,29,55
C0120,51,32,1063,2103,,60,63,63
C0516,81,45,277,342,,32,32,32
C0108,,,,,,0,4,9
C0890,64,40,818,1279,,21,44,53
C0294,,,,,,68,73,73
C0981,38,31,1556,4054,,100,100,100
C0154,82,42,5304,6459,,20,41,52
C1524,,,,,,56,63,64
C0737,90,8,5149,5723,,83,85,85
C0037,91,15,31057,33989,,27,43,46
C1454,71,25,1208,1711,,0,21,21
C1141,12,63,3830,31282,,18,33,37
C1226,51,47,1362,2669,,7,15,18
C1088,80,19,3203,3983,,26,42,46
C0241,55,59,1757,3170,,26,35,39
C1026,73,61,1386,1889,,34,53,57
C0660,43,33,554,1274,,28,56,66
C0486,84,32,1371,1638,,48,59,60
C0963,53,26,947,1784,,34,41,44
C0476,49,90,764,1563,,73,76,77
C1307,57,46,3536,6223,,29,45,50
C0316,64,21,1912,2973,,80,84,84
C0976,,,,,,54,59,60
C0714,,,,,,57,67,68
C0400,83,51,3389,4068,,78,82,82
C0506,,,,,,62,74,74
C1383,31,26,3061,9825,,20,44,50
C0399,68,42,371,542,,25,31,31
C1527,,,,,,24,42,48
C0299,66,24,1132,1723,,15,31,36
C1408,88,28,572,653,,15,33,41
C0719,74,31,1126,1529,,50,56,60
C0488,85,27,386,452,,7,20,28
C0940,96,14,1597,1662,,89,91,91
C0799,32,18,6346,19843,,15,24,29
C0054,70,38,798,1143,,69,75,76
C0515,,,,,,52,64,66
C1233,40,17,1323,3334,,19,36,41
C0637,78,37,5533,7074,,25,25,25
C1113,72,33,3920,5455,,8,19,24
C1037,62,40,371,594,,54,61,61
C0145,91,25,6401,7034,,35,40,41
C0598,83,27,14969,18122,,77,84,85
C0573,58,25,3541,6146,,48,56,56
C1378,65,38,2192,3373,,54,59,60
C0860,68,13,5500,8082,,42,55,56
C0542,52,29,2807,5433,,59,73,76
C0983,69,25,906,1307,,87,91,92
C1346,97,27,837,864,,14,42,48
C1512,64,17,4484,6960,,43,55,59
C1480,100,71,34,34,,37,37,38
C0581,56,19,2631,4675,,28,44,48
C0498,52,30,2063,3986,,0,0,0
C0764,59,11,4357,7437,,75,79,79
C0695,90,25,1966,2179,,70,80,81
C1061,52,40,205,396,,66,77,78
C1045,63,12,4059,6458,,59,67,68
C0703,75,31,674,897,,16,31,33
C0550,63,21,22665,36012,,14,36,49
C0836,73,21,2356,3242,,33,38,38
C1275,58,34,10167,17407,,32,45,48
C1068,40,34,1081,2708,,9,19,25
C0056,61,24,651,1061,,45,61,62
C0346,84,22,2468,2935,,2,53,59
C1311,60,42,6405,10679,,100,100,100
C0117,87,10,1676,1922,,28,47,50
C1072,95,32,637,669,,36,52,53
C0043,59,23,772,1309,,65,74,74
C0549,64,28,5838,9126,,33,63,70
C0377,72,21,2052,2867,,67,76,76
C1198,42,40,1412,3349,,1,19,20
C1526,44,40,1406,3195,,16,37,43
C0490,65,44,517,791,,48,53,54
C0017,,,,,,35,49,53
C0541,72,30,2544,3528,,28,46,50
C1188,80,33,2056,2557,,55,65,65
C0606,33,40,15570,46813,,53,62,63
C0599,73,27,3018,4161,,19,30,40
C0458,92,43,7871,8526,,16,24,24
C0197,49,39,15572,31820,,17,28,29
C0442,67,24,675,1006,,42,45,45
C1214,89,72,854,957,,30,43,46
C0456,96,23,1275,1326,,36,39,44
C0992,30,35,2262,7438,,40,61,65
C0520,67,11,3185,4786,,48,60,61
C1205,73,40,1013,1387,,16,26,31
C0097,78,17,1800,2322,,17,30,34
C0698,85,43,6367,7482,,45,55,57
C1263,47,24,787,1680,,66,70,72
C1518,,,,,,34,49,51
C0160,93,34,1411,1514,,53,57,57
C0953,57,42,619,1088,,4,12,17
C0143,53,37,1398,2658,,25,56,63
C0594,76,25,8135,10718,,33,55,60
C1309,,,,,,21,24,24
C1034,44,65,617,1417,,48,59,60
C1355,94,43,46,49,,32,61,67
C0118,42,21,2574,6072,,41,49,52
C1051,74,26,15770,21263,,76,80,81
C0141,63,16,2771,4381,,79,83,84
C1167,52,33,6922,13424,,28,46,47
C0482,15,47,1054,7052,,53,62,63
C0200,27,40,521,1907,,38,52,54
C0305,57,29,1618,2840,,30,46,49
C0876,48,29,929,1954,,24,43,46
C0726,57,47,191,335,,19,36,41
C0514,72,29,1430,1985,,20,32,36
C1390,70,40,13432,19112,,11,17,20
C0406,58,55,482,836,,33,50,54
C0562,64,35,343,535,,14,40,53
C0655,56,25,326,585,,58,70,71
C0265,38,23,2312,6081,,89,91,91
C0584,38,41,957,2551,,36,47,55
C1228,67,18,2607,3916,,61,66,67
C0384,62,21,1834,2972,,85,88,88
C1285,59,30,827,1396,,53,61,61
C1387,84,26,763,905,,82,85,85
C1133,86,43,1018,1179,,59,74,76
C0788,,,,,,70,74,75
C1511,50,48,677,1344,,,,
C0272,54,57,3913,7266,,9,25,31
C0063,,,,,,35,53,53
C0261,61,49,520,850,,83,86,88
C1193,65,43,297,457,,12,30,38
C0022,77,29,2653,3447,,38,45,47
C0414,89,47,2239,2511,,41,53,56
C0747,55,22,1702,3115,,31,41,43
C0376,88,32,1434,1637,,15,33,40
C1001,75,18,3035,4029,,40,46,46
C0909,62,21,2282,3708,,32,48,51
C1424,74,35,892,1198,,25,47,53
C1117,46,24,2378,5152,,17,33,40
C1517,60,26,960,1611,,25,39,45
C1151,76,32,1277,1679,,32,48,51
C1186,94,24,654,698,,17,36,42
C1364,66,24,1093,1663,,50,50,60
C1003,,,,,,26,36,37
C0275,80,36,5527,6901,,10,14,14
C0844,74,21,4024,5433,,81,88,90
C0690,72,31,4113,5680,,24,39,45
C0779,85,42,4571,5365,,22,35,41
C0786,38,24,2056,5466,,21,38,42
C1131,88,47,386,439,,10,29,38
C1379,77,38,7833,10201,,67,75,76
C0322,60,25,3200,5350,,0,0,0
C0680,76,34,1214,1595,,6,6,49
C1126,85,28,4856,5700,,33,50,51
C1388,74,46,724,972,,23,37,40
C0732,,,,,,27,38,44
C0563,69,33,3364,4855,,11,30,39
C0915,55,28,2204,4010,,21,43,50
C1106,61,23,1987,3240,,31,53,57
C0984,72,33,957,1333,,55,64,65
C1339,75,24,1850,2461,,37,56,59
C0933,60,41,6069,10112,,24,39,42
C0282,100,55,859,861,,4,8,9
C1463,89,44,840,941,,30,45,49
C0861,35,23,2904,8285,,63,66,67
C0014,83,45,2567,3083,,46,66,69
C0246,33,47,1334,4076,,31,39,41
C1433,85,37,14060,16521,,80,84,84
C1005,76,32,1437,1889,,33,47,51
C0896,,,,,,54,67,67
C0446,71,44,6519,9166,,38,45,46
C0773,43,29,4805,11145,,83,87,87
C1258,13,41,3963,31099,,9,23,30
C1508,78,21,1568,1998,,64,78,80
C0795,67,17,910,1358,,23,23,23
C0709,94,43,4542,4820,,61,69,70
C0035,77,37,20251,26329,,,,
C1164,49,23,7319,14966,,27,44,52
C0001,90,20,5521,6142,,43,61,61
C1028,63,43,1254,1984,,50,58,63
C1027,60,82,531,888,,66,73,74
C1334,,,,,,31,39,43
C0192,52,35,781,1493,,,,
C0080,46,31,13566,29339,,32,60,67
C0499,33,28,476,1455,,73,82,82
C0982,56,32,644,1158,,86,89,91
C0841,67,31,3315,4978,,31,42,44
C1082,74,31,5033,6793,,4,15,21
C1359,57,20,597,1042,,20,45,52
C1436,68,20,1525,2253,,3,19,41
C1021,,,,,,15,27,30
C0208,42,21,2063,4960,,19,41,47
C1444,71,70,298,417,,68,79,81
C1224,86,53,2864,3332,,38,55,59
C1297,93,36,828,894,,36,50,51
C0640,95,52,477,501,,84,91,93
C0404,58,30,715,1229,,13,31,37
C0681,61,52,512,840,,44,66,70
C1213,68,47,781,1147,,66,82,84
C0600,67,27,1691,2528,,56,64,66
C0646,59,32,2374,4011,,23,29,32
C1395,58,16,2518,4306,,24,34,36
C0220,84,43,1361,1618,,66,74,76
C0977,57,20,1458,2542,,57,77,78
C0321,15,41,4912,32060,,27,36,42
C0441,38,21,2415,6399,,58,63,64
C0979,,,,,,27,47,50
C1006,39,65,2016,5228,,74,79,79
C0761,7,65,1963,26499,,21,46,52
C1344,100,50,4,4,,9,23,30
C0826,62,17,3667,5924,,43,56,58
C0230,64,34,602,944,,50,57,57
C0393,60,13,793,1319,,67,77,79
C0622,61,30,1261,2072,,24,63,68
C0928,50,32,1054,2117,,17,33,36
C0216,40,18,11691,28907,,25,45,50
C1210,51,11,1377,2726,,30,47,49
C1356,83,41,469,568,,27,39,44
C0994,68,27,2256,3325,,43,55,57
C0817,27,36,1364,5017,,20,42,48
C1293,17,38,2581,15415,,53,62,63
C0098,,,,,,35,44,44
C1499,,,,,,31,50,53
C1200,,,,,,17,33,37
C1420,69,30,906,1312,,10,22,29
C1171,53,32,237,450,,81,82,82
C1443,73,20,1970,2710,,9,29,41
C0403,88,33,1146,1302,,30,50,53
C0472,84,52,2362,2812,,40,56,58
C0453,,,,,,82,84,85
C0631,66,24,2247,3427,,54,61,62
C1530,35,63,136,393,,74,78,79
C1466,96,53,3279,3399,,16,42,50
C1528,,,,,,44,53,53
C0451,47,64,3299,7064,,27,32,43
C0497,73,50,507,695,,11,24,32
C0723,77,21,1780,2315,,72,75,75
C0474,45,75,3430,7657,,63,71,73
C0176,75,38,3673,4870,,29,29,43
C0480,74,31,333,452,,55,73,76
C0332,29,100,8,28,,47,67,70
C0900,60,12,1321,2214,,31,38,39
C1094,76,29,1024,1350,,3,10,14
C0293,60,20,11948,19957,,50,62,64
C1135,80,36,558,699,,14,22,27
C0358,74,65,784,1066,,37,54,57
C0632,34,24,2283,6683,,43,47,47
C1252,77,47,2791,3640,,39,43,43
C0344,61,21,3113,5086,,42,55,57
C0635,44,29,19121,43048,,35,62,67
C0415,59,43,432,737,,30,53,59
C0419,54,41,370,689,,24,48,54
C0944,58,35,497,854,,14,24,30
C0106,59,39,59,100,,24,40,45
C0863,63,21,2521,4016,,88,93,93
C0774,68,21,6086,8935,,0,76,76
C0433,95,17,3943,4160,,30,44,50
C0809,35,24,4675,13319,,15,34,43
C1299,51,23,6125,12080,,37,44,44
C0777,41,71,450,1088,,58,69,70
C0949,79,15,4221,5323,,51,59,61
C0829,,,,,,51,62,64
C0510,58,33,2764,4801,,41,47,48
C0638,58,31,1527,2649,,55,58,58
C1400,80,38,4146,5204,,29,34,34
C1057,53,17,500,948,,48,51,52
C1084,64,39,1167,1821,,45,56,56
C0461,44,36,1983,4545,,,,
C0943,67,19,1725,2560,,71,74,75
C1449,,,,,,46,52,53
C0031,,,,,,27,34,34
C0310,56,23,3035,5432,,88,91,92
C1078,93,55,1936,2071,,27,52,57
C0894,,,,,,44,54,56
C0485,,,,,,58,67,69
C0330,51,11,5313,10513,,,,
C0124,67,31,2088,3138,,9,14,18
C0840,57,60,885,1554,,21,51,59
C0633,66,38,6514,9938,,90,92,92
C1385,85,30,1550,1833,,19,38,38
C1247,60,25,1980,3285,,68,82,82
C0673,81,37,871,1076,,18,27,33
C1103,34,27,2310,6766,,44,67,67
C0545,6,81,2047,35023,,45,56,57
C0730,85,60,6250,7343,,19,38,44
C0712,,,,,,51,69,71
C0095,12,52,647,5518,,65,72,73
C1475,,,,,,31,45,47
C0558,80,21,2011,2499,,27,46,49
C0058,68,43,361,531,,52,58,60
C1434,69,27,867,1258,,53,65,66
C0076,46,25,17817,38909,,84,89,91
C1329,49,78,5645,11423,,80,84,84
C1119,84,37,2890,3437,,31,37,38
C0127,31,26,15970,51163,,16,38,48
C1077,,,,,,32,40,44
C1211,72,35,3096,4285,,35,42,45
C0256,69,27,2666,3864,,25,58,59
C1487,76,31,1861,2459,,14,32,37
C0121,73,9,10332,14222,,93,95,96
C0039,73,17,291,399,,7,20,22
C0652,61,38,4381,7212,,47,55,57
C1036,95,22,570,602,,25,39,39
C1282,41,46,736,1810,,15,34,43
C1422,57,46,586,1022,,59,66,67
C0254,58,28,962,1648,,60,72,74
C0420,87,31,556,642,,24,44,51
C0301,69,43,1465,2108,,71,76,77
C0396,72,25,2517,3490,,44,53,53
C1066,60,10,5735,9608,,,,
C0625,95,30,2009,2118,,40,45,45
C0206,60,17,4727,7820,,24,36,40
C0023,86,45,4142,4814,,45,50,52
C0511,67,13,3332,4943,,23,40,42
C1321,45,25,4389,9746,,56,58,58
C0729,49,35,267,546,,18,33,39
C0586,,,,,,18,42,49
C0291,91,30,7247,8005,,15,32,39
C0162,64,16,3351,5248,,,,
C0591,92,46,1270,1385,,2,2,2
C1377,83,23,1718,2082,,61,72,73
C0364,71,23,1562,2195,,49,57,59
C0721,68,32,1145,1676,,33,47,49
C1197,64,20,3808,5953,,49,56,58
C0047,85,54,3271,3847,,32,48,52
C0024,46,14,3052,6596,,60,72,74
C1340,65,19,733,1130,,13,25,32
C0535,67,14,4537,6780,,50,69,73
C0375,86,33,1310,1529,,14,36,41
C1128,83,38,2135,2570,,21,40,45
C1240,70,28,682,975,,30,39,42
C0557,60,9,2926,4915,,66,73,73
C0463,76,46,12326,16169,,77,83,84
C0776,,,,,,32,47,48
C0662,67,46,1303,1936,,34,51,55
C1153,69,34,1399,2035,,52,62,63
C0102,57,27,318,561,,33,53,55
C0245,26,30,4602,17475,,,,
C0138,20,31,9395,47358,,29,61,70
C0111,54,22,6209,11472,,21,31,36
C0517,60,26,10710,17750,,26,40,40
C0959,83,65,286,345,,34,38,43
C0167,65,30,3299,5112,,49,56,57
C0489,81,30,6733,8306,,87,95,97
C0012,,,,,,48,67,70
C0554,79,16,4963,6314,,57,65,65
C1063,65,21,2927,4512,,43,52,54
C1525,,,,,,28,47,54
C1382,83,25,881,1056,,14,43,60
C1102,80,21,4449,5547,,16,29,30
C1225,80,31,4082,5111,,52,52,52
C1534,,,,,,37,51,51
C1277,46,26,816,1778,,34,47,48
C0645,75,27,1161,1551,,82,87,88
C0207,43,42,7122,16549,,23,33,38
C0699,16,34,4684,30117,,75,81,82
C1129,80,28,2232,2792,,44,60,64
C1184,69,26,2507,3640,,29,51,56
C0523,14,41,1132,7927,,42,59,61
C0572,29,43,1387,4765,,29,42,43
C1314,100,49,6228,6240,,,,
C0832,37,30,3876,10351,,10,25,31
C1327,74,38,3429,4632,,76,81,82
C0328,60,24,2100,3502,,64,79,80
C1315,82,41,1726,2104,,38,50,52
C0986,67,24,15034,22520,,56,59,60
C0223,,,,,,55,62,65
C0851,60,28,9839,16354,,68,77,78
C0929,70,59,3120,4480,,26,47,49
C0189,33,33,7197,21756,,15,31,37
C0342,66,16,6185,9357,,12,32,38
C1053,61,42,3518,5751,,86,89,90
C0609,63,31,3084,4908,,15,30,36
C0989,88,31,1048,1197,,67,70,71
C0503,81,21,1366,1686,,16,28,35
C0962,64,28,2699,4220,,56,70,72
C0648,73,33,1315,1810,,30,54,59
C1024,98,64,950,968,,20,41,49
C0569,71,13,4643,6548,,31,38,38
C1272,,,,,,16,34,40
C1207,74,27,8139,10993,,65,83,85
C0361,76,61,1352,1773,,21,31,33
C1008,,,,,,13,37,48
C0166,54,25,14745,27479,,42,56,58
C0956,57,73,543,959,,17,30,34
C0355,84,19,4486,5313,,10,20,22
C0213,,,,,,27,42,46
C0807,77,22,12957,16870,,76,80,81
C0644,75,38,1313,1747,,29,46,53
C1461,75,50,1431,1896,,40,54,56
C1174,77,19,4603,6013,,14,25,30
C0834,54,54,817,1505,,68,81,83
C0996,,,,,,8,23,29
C0907,70,10,8180,11714,,27,38,39
C0379,,,,,,34,38,40
C0193,47,16,3670,7845,,,,
C0202,45,51,2263,5029,,82,82,82
C1085,87,43,2784,3187,,55,64,66
C1304,54,24,715,1326,,12,30,39
C1320,73,40,11165,15239,,45,58,58
C0431,45,11,1646,3656,,8,17,21
C0610,78,31,2345,3003,,69,79,81
C0601,92,31,1360,1481,,28,40,43
C0884,49,30,5034,10351,,13,35,45
C1337,82,34,9281,11354,,13,27,34
C0985,64,14,2662,4168,,,,
C0579,52,25,4425,8578,,21,25,25
C1353,68,26,125,183,,,,
C1498,,,,,,8,22,30
C1441,77,30,993,1297,,49,59,60
C0886,33,28,2790,8405,,12,29,41
C1472,,,,,,31,39,41
C0096,100,73,82,82,,46,68,72
C1002,74,25,2342,3176,,10,23,29
C1302,57,35,6474,11383,,39,46,49
C0512,50,25,416,838,,86,91,92
C1497,44,16,5577,12562,,14,28,31
C0413,61,47,1488,2452,,26,48,54
C1468,83,45,3672,4432,,48,65,66
C1289,62,54,5790,9313,,61,80,83
C0198,70,38,328,468,,0,4,11
C1042,56,22,1001,1790,,38,45,45
C0689,72,41,3221,4462,,26,48,54
C1059,58,12,4690,8109,,50,58,59
C1196,57,33,2239,3951,,10,20,25
C1447,68,37,1482,2167,,61,69,71
C1494,,,,,,42,49,50
C0067,31,32,11537,36941,,19,44,57
C0882,44,20,5620,12892,,25,39,43
C0317,99,30,83,84,,12,25,30
C0931,28,50,7847,28437,,20,39,42
C0822,91,30,735,807,,74,85,88
C0830,66,16,4809,7268,,33,50,51
C0026,,,,,,43,53,57
C1477,79,91,33,42,,21,34,36
C0365,58,28,1196,2064,,4,4,40
C0267,69,63,105,153,,12,15,17
C1154,75,13,6818,9087,,36,51,56
C1161,66,18,1650,2519,,43,61,61
C0848,75,17,2591,3444,,51,67,70
C0755,59,29,4908,8287,,43,58,60
C0859,62,26,1335,2165,,33,59,66
C1394,95,23,5419,5729,,65,83,85
C0854,80,20,2203,2754,,54,61,62
C0345,64,21,1204,1890,,33,51,54
C1464,68,40,15841,23324,,41,54,56
C1391,69,36,9786,14156,,6,13,16
C0178,21,36,2102,10046,,38,53,55
C0670,81,47,3727,4611,,31,42,48
C0338,69,44,1346,1959,,19,34,40
C0825,88,19,1207,1375,,26,38,38
C0430,96,42,3344,3492,,77,80,80
C0649,86,29,4774,5540,,34,45,49
C1505,98,52,1651,1683,,36,43,44
C0605,66,19,769,1171,,27,46,50
C0151,,,,,,17,36,44
C0312,91,19,13121,14355,,49,51,57
C0874,39,23,11963,30300,,27,41,45
C1081,81,8,35815,43945,,21,42,51
C1510,61,83,122,201,,36,51,56
C1513,,,,,,86,92,93
C0258,,,,,,15,21,23
C0073,72,22,12327,17215,,80,82,82
C1496,,,,,,32,54,57
C0688,74,37,1302,1755,,8,30,43
C0740,82,25,5029,6144,,,,
C0434,34,72,551,1620,,56,63,64
C1520,,,,,,35,42,46
C1430,71,32,1549,2175,,13,17,17
C1349,17,39,1518,8847,,16,34,40
C0951,38,27,5736,15231,,72,76,76
C0341,72,28,889,1242,,39,55,56
C0068,49,44,63,128,,18,30,34
C0531,37,24,3517,9496,,10,21,34
C0551,71,24,5834,8170,,26,45,51
C0394,80,26,17363,21642,,82,85,86
C0416,92,33,11433,12389,,7,15,22
C0173,67,13,13914,20699,,35,59,66
C0081,70,23,13728,19702,,87,91,91
C1241,,,,,,27,46,51
C0389,50,33,994,1981,,28,43,45
C0228,52,20,8011,15345,,10,26,34
C0006,57,37,17515,30975,,51,68,70
C0570,83,16,7652,9275,,32,40,42
C1016,,,,,,16,34,38
C1350,63,31,1956,3081,,60,70,71
C0608,77,33,3462,4520,,22,36,41
C1325,64,19,2880,4505,,68,79,82
C0794,7,60,2362,31851,,0,5,14
C0678,,,,,,64,72,72
C0820,49,30,2168,4385,,39,62,66
C1429,45,42,986,2202,,17,40,44
C0313,75,16,769,1027,,11,52,61
C0428,74,42,380,517,,26,35,37
C1114,65,32,1379,2125,,56,63,63
C0898,24,36,1832,7597,,35,42,45
C0339,55,29,1516,2734,,71,81,82
C1261,59,20,1841,3141,,46,59,61
C0757,80,38,3980,4952,,7,24,31
C1212,69,22,1870,2718,,20,32,37
C0460,35,14,1675,4726,,44,57,59
C0661,23,35,1415,6229,,68,82,84
C1190,58,32,10706,18500,,43,58,59
C0296,72,26,1940,2702,,55,68,70
C0691,13,91,391,3006,,38,48,50
C0083,45,23,22526,49820,,38,43,43
C1504,66,39,7108,10804,,78,90,91
C1457,85,43,2136,2520,,30,51,57
C0922,68,10,3241,4762,,59,62,63
C0724,64,63,6999,10929,,28,39,46
C1435,79,45,459,582,,35,52,56
C0107,39,23,2722,6989,,41,54,58
C0152,77,13,10539,13735,,38,41,41
C0387,66,22,3911,5930,,22,39,46
C0388,77,40,1128,1457,,9,32,42
C0927,54,29,380,700,,31,55,61
C1209,64,41,1969,3066,,47,54,55
C0104,,,,,,30,40,45
C0268,49,29,619,1253,,47,60,62
C0973,72,20,1220,1704,,55,65,66
C0180,7,66,2043,28977,,,,
C0450,82,43,3760,4576,,14,25,29
C0850,73,35,591,814,,29,52,58
C1134,54,30,25772,47552,,19,47,54
C0813,78,19,2094,2675,,78,84,84
C0277,76,43,694,908,,54,64,65
C1397,18,42,1147,6222,,48,53,54
C1264,93,31,6565,7091,,8,35,42
C1437,84,42,486,577,,29,52,60
C0437,69,22,1737,2533,,12,25,29
C0211,47,51,12618,27107,,28,32,32
C0439,60,39,5961,9932,,13,26,31
C1365,65,33,698,1073,,27,44,49
C0165,36,29,1734,4837,,19,31,37
C0423,,,,,,53,60,62
C1330,36,54,960,2664,,53,60,61
C0789,73,22,3134,4322,,13,35,46
C0663,65,44,7254,11191,,42,62,63
C0235,54,48,500,934,,43,61,67
C0758,78,21,4314,5537,,1,2,3
C1073,25,30,4813,18884,,19,35,42
C0103,80,15,8000,9978,,30,44,47
C0526,58,26,523,908,,62,67,69
C0449,84,37,4419,5230,,70,73,73
C0373,64,26,1052,1639,,67,74,75
C0074,57,14,8472,14742,,4,42,42
C1122,69,57,159,229,,84,87,87
C1000,73,28,15149,20765,,45,50,53
C0816,47,12,17055,36189,,65,68,68
C1089,68,29,1136,1670,,48,57,58
C0782,,,,,,46,54,54
C0611,,,,,,15,31,38
C1160,64,37,12016,18813,,17,37,41
C0078,31,25,16956,55019,,48,64,66
C1281,48,36,2289,4784,,76,80,81
C0945,54,15,3382,6207,,57,61,62
C1083,78,27,4409,5621,,53,64,66
C1423,66,41,1861,2799,,8,13,16
C0161,68,28,470,689,,36,61,67
C1232,86,46,4083,4721,,78,81,82
C0172,74,16,7567,10169,,19,35,40
C0392,83,39,13648,16539,,76,78,78
C1014,89,12,4711,5274,,16,38,46
C1459,64,41,553,870,,18,30,34
C0739,78,21,13963,17938,,5,6,9
C0350,67,16,2118,3174,,,,
C0048,,,,,,45,54,54
C0749,91,23,944,1038,,65,74,75
C1363,59,31,4141,7016,,27,48,55
C0032,37,18,185,494,,7,19,29
C0260,44,22,1213,2771,,54,72,75
C0885,68,25,3257,4764,,91,93,93
C1328,,,,,,25,33,40
C1180,81,15,7305,9021,,22,35,39
C0741,73,67,141,193,,14,27,33
C0199,71,19,2779,3912,,62,68,69
C0360,72,28,27300,37826,,90,93,94
C1362,85,22,1054,1238,,38,64,69
C0409,59,27,670,1139,,41,66,70
C0895,37,26,2134,5725,,52,68,71
C0669,65,35,836,1285,,33,51,56
C1025,,,,,,16,31,34
C0910,26,40,1215,4745,,11,30,38
C1249,71,37,564,791,,44,49,50
C0036,79,34,1334,1689,,54,57,57
C0658,47,19,902,1901,,22,38,43
C0960,96,37,10204,10575,,27,43,50
C1069,30,40,2345,7947,,,,
C0112,37,9,1519,4100,,24,30,30
C1055,49,25,1404,2893,,81,85,86
C0492,86,17,3632,4231,,21,39,45
C0918,68,20,2066,3030,,,,
C0636,69,40,527,762,,42,49,54
C1156,83,31,4962,5949,,28,43,47
C0818,84,12,4542,5392,,63,68,70
C1427,,,,,,22,35,38
C0041,53,88,761,1443,,40,43,43
C0954,83,56,785,945,,55,61,62
C1452,82,32,1711,2088,,40,59,62
C0465,74,40,671,904,,62,74,76
C0738,79,24,3486,4432,,65,74,75
C0281,91,29,1010,1116,,82,88,90
C1331,,,,,,14,32,37
C1255,77,36,718,930,,52,74,77
C0796,8,75,247,3193,,0,0,0
C0135,69,18,3379,4864,,42,60,62
C1183,65,35,1424,2190,,63,69,70
C0119,47,41,191,408,,6,11,16
C0157,70,37,5289,7602,,82,90,93
C1105,31,31,3882,12589,,38,62,67
C0559,67,28,1135,1689,,28,37,38
C1471,60,34,18779,31083,,53,61,62
C1243,68,52,4098,5990,,,,
C0264,68,28,1087,1597,,25,42,46
C0391,35,30,1395,3979,,48,57,58
C0527,63,15,2462,3936,,83,85,86
C0916,48,16,2640,5481,,10,28,36
C1280,77,39,3678,4788,,21,38,42
C0803,30,22,9140,30758,,73,76,80
C0602,44,43,794,1819,,21,37,43
C0715,72,30,929,1299,,42,51,53
C0574,82,14,4881,5988,,76,88,90
C1295,77,39,604,782,,0,0,0
C1159,14,41,947,6615,,36,57,63
C0587,,,,,,70,73,74
C0853,57,23,1267,2237,,58,63,64
C0968,33,18,2377,7142,,25,44,50
C0276,64,22,2697,4207,,57,61,61
C0269,81,54,379,470,,7,22,36
C0828,81,14,4841,6001,,18,30,34
C1416,65,23,2609,4044,,6,9,14
C0487,63,55,292,464,,55,67,68
C1170,76,26,2278,2998,,3,9,14
C0582,56,14,2498,4430,,50,58,60
C1465,86,45,7699,8944,,47,63,65
C0444,51,45,303,590,,41,50,50
C0212,47,32,1657,3498,,77,81,82
C1371,64,30,14394,22648,,51,67,69
C1031,56,16,3704,6560,,1,5,5
C0642,76,34,1569,2077,,35,49,51
C0919,64,26,4918,7663,,,,
C1097,74,24,1650,2227,,58,74,77
C0184,,,,,,54,70,73
C0297,68,21,651,960,,5,22,28
C0132,51,17,7344,14339,,28,36,49
C0674,64,52,886,1379,,26,35,40
C1219,66,49,265,401,,87,93,94
C0693,75,23,1943,2576,,38,63,68
C1300,35,48,717,2057,,33,46,47
C0808,37,21,7045,19032,,0,79,83
C0182,65,26,16467,25458,,31,55,78
C1096,90,32,8476,9367,,21,41,43
C0019,87,44,1209,1385,,11,25,30
C0970,97,51,1413,1455,,58,67,67
C1445,76,33,772,1021,,43,48,49
C1201,59,45,524,887,,7,9,11
C0743,89,27,816,914,,44,52,55
C1323,30,27,998,3336,,54,70,72
C0214,93,85,4311,4620,,57,80,82
C1169,67,23,3673,5461,,39,53,56
C0153,88,39,2240,2560,,21,35,39
C0957,74,59,3983,5404,,44,51,52
C1380,78,33,6088,7774,,9,25,33
C1064,76,21,1989,2624,,,,
C1147,56,26,13959,24871,,54,68,70
C0149,37,22,4373,11682,,23,34,36
C0015,74,34,198,268,,0,0,0
C0565,92,72,201,218,,31,41,43
C0418,96,40,9437,9839,,35,47,48
C0329,51,27,877,1706,,17,29,30
C0059,61,40,1654,2720,,20,40,45
C0501,59,39,2302,3872,,61,69,70
C0906,45,24,1032,2299,,6,19,26
C0766,54,15,7173,13282,,15,30,37
C0935,50,42,10353,20700,,86,93,94
C1234,,,,,,39,56,61
C0667,49,48,376,771,,27,38,41
C0925,62,38,1098,1762,,32,51,54
C1041,41,29,2965,7304,,30,51,57
C0086,62,21,18843,30391,,56,81,86
C1230,47,56,376,795,,74,78,78
C0084,42,21,23956,56515,,16,25,26
C1532,,,,,,46,65,70
C0903,42,18,1225,2933,,,,
C1347,99,27,1345,1354,,67,71,72
C1204,51,39,1342,2620,,59,74,77
C0248,68,44,847,1245,,15,23,23
C1369,36,18,5529,15337,,10,22,27
C0374,98,20,317,325,,47,59,61
C0988,63,37,812,1279,,,,
C1326,99,61,573,581,,43,61,68
C1507,,,,,,60,62,62
C1278,93,28,3790,4072,,21,37,43
C0273,84,35,764,914,,51,65,67
C1519,,,,,,74,79,79
C0334,84,31,6437,7646,,37,50,52
C0386,75,37,1022,1355,,15,34,43
C0733,,,,,,53,58,59
C1185,,,,,,14,28,33
C1020,49,16,1152,2335,,15,27,33
C1345,76,23,584,773,,,,
C1310,69,47,21803,31387,,27,41,42
C0401,76,31,929,1221,,31,47,51
C0170,62,14,9338,15127,,19,35,45
C1121,74,44,352,477,,22,29,29
C0110,61,40,521,849,,6,17,22
C1417,43,21,2114,4892,,,,
C0253,57,60,5355,9471,,54,62,63
C0880,52,33,3032,5883,,46,54,56
C0857,78,17,3605,4651,,39,57,57
C1022,,,,,,17,36,43
C0087,38,20,22812,60832,,16,42,48
C1428,81,46,1639,2023,,32,44,49
C0815,45,62,1995,4449,,,,
C1366,74,23,2425,3272,,10,23,30
C0128,49,17,7178,14693,,48,62,64
C1149,81,22,4580,5689,,33,48,48
C1358,63,16,1491,2356,,88,91,93
C1333,,,,,,24,40,45
C1216,70,36,467,665,,49,64,68
C0348,55,39,424,770,,17,23,26
C0725,,,,,,37,54,57
C1236,64,35,595,933,,61,65,66
C1018,,,,,,27,45,48
C0847,75,33,725,970,,54,68,70
C0629,96,82,201,209,,25,39,44
C0524,78,15,1614,2081,,28,38,39
C0536,56,31,525,941,,6,17,26
C1136,83,48,684,827,,30,53,59
C1531,71,6,2158,3033,,8,23,29
C0878,49,24,5463,11256,,61,65,66
C1015,56,18,3145,5583,,28,43,45
C0585,71,20,1990,2789,,40,48,48
C1374,64,14,3627,5695,,18,31,36
C0665,66,43,4058,6120,,47,56,58
C0904,68,19,1485,2197,,44,54,56
C1166,75,28,1476,1962,,10,22,27
C0478,26,20,7961,30122,,79,86,86
C0869,53,42,2843,5401,,26,46,53
C1040,90,40,2289,2536,,30,54,57
C0507,63,27,6160,9755,,30,49,51
C1419,43,64,480,1125,,86,92,93
C0687,82,46,2729,3322,,22,30,34
C0045,28,50,1134,4094,,47,52,52
C0354,70,45,8510,12230,,16,29,30
C1407,85,17,3910,4588,,17,47,56
C0436,68,29,1813,2649,,25,36,37
C1448,54,45,258,478,,,,
C0555,47,30,1747,3732,,19,39,43
C0477,59,53,5044,8506,,39,48,53
C0243,,,,,,24,27,32
C0746,,,,,,72,89,91
C0187,,,,,,76,92,96
C1360,55,18,2967,5401,,39,58,61
C0513,55,25,4896,8912,,70,75,75
C0756,41,38,1727,4183,,90,94,95
C0378,80,18,4880,6124,,56,63,64
C0144,76,42,2333,3075,,37,53,55
C1389,96,21,218,226,,28,41,41
C0318,64,20,2598,4082,,9,19,28
C1093,23,39,842,3585,,35,44,45
C0287,68,32,359,528,,45,59,63
C0343,40,88,218,545,,35,54,56
C0131,63,21,15967,25155,,50,58,60
C0259,56,11,2455,4403,,71,75,76
C0561,75,27,744,993,,39,52,54
C0315,55,21,2153,3906,,44,65,69
C0116,,,,,,23,35,38
C0864,53,10,27449,51634,,30,50,54
C1267,74,66,522,709,,18,19,19
C1004,,,,,,61,67,67
C1112,66,35,1869,2836,,15,26,29
C1283,95,34,743,783,,12,21,27
C0467,87,15,4203,4827,,22,34,35
C1523,,,,,,16,31,39
C0088,44,19,24556,55258,,72,76,76
C0839,68,16,2625,3838,,23,32,33
C1312,40,47,15335,38161,,67,74,76
C0484,80,35,1263,1581,,28,45,48
C0812,72,25,1146,1594,,22,34,39
C0696,68,32,529,783,,41,48,53
C1456,76,41,5054,6610,,37,59,64
C1251,72,41,10435,14396,,0,20,20
C1253,,,,,,,,
C1305,,,,,,29,37,39
C1426,36,28,329,904,,15,31,38
C1060,88,41,2512,2848,,53,58,61
C0407,87,31,756,870,,50,61,63
C0972,53,21,8327,15719,,28,46,51
C0262,51,69,571,1111,,30,51,54
C1087,39,29,2034,5174,,65,83,87
C0082,18,37,11108,61717,,45,51,52
C0405,78,26,1761,2268,,13,28,32
C1030,76,46,8411,11064,,19,31,36
C0528,44,30,3281,7493,,41,58,60
C0811,49,28,1489,3061,,28,36,38
C0061,80,29,4255,5329,,59,71,73
C0353,83,54,3076,3702,,39,47,50
C0947,35,31,3915,11121,,19,25,27
C0849,41,21,6654,16150,,52,60,62
C0897,85,16,3151,3689,,8,33,48
C1404,96,21,270,282,,47,63,65
C1522,,,,,,28,65,70
C0306,69,28,10582,15354,,,,
C0447,70,62,322,458,,37,49,52
C0427,44,43,389,883,,18,34,38
C0288,67,18,6004,8969,,23,32,35
C0055,70,32,1220,1740,,28,49,52
C0336,94,44,418,446,,83,89,90
C0843,66,28,2465,3716,,66,74,76
C1011,77,39,1265,1640,,52,61,62
C0969,73,38,11721,16002,,39,53,54
C0382,66,17,1870,2842,,37,59,65
C1450,59,22,625,1058,,50,55,57
C0846,77,19,9900,12885,,78,81,81
C1118,55,27,1879,3397,,76,88,89
C0771,62,28,3805,6126,,47,57,58
C0862,75,23,2373,3148,,60,73,74
C1163,66,50,297,451,,77,82,84
C1485,83,93,183,221,,30,39,41
C1368,55,20,1439,2623,,9,22,29
C1046,92,23,1972,2139,,70,80,82
C1462,89,53,2812,3150,,18,27,27
C0020,81,47,2057,2542,,18,33,40
C0469,50,53,1610,3197,,51,56,57
C0759,65,36,8500,13012,,63,70,70
C0011,,,,,,26,42,46
C0765,60,35,18230,30631,,50,74,78
C1473,82,50,169,205,,25,32,35
C0948,70,26,845,1214,,85,87,87
C0201,74,31,3017,4074,,15,43,52
C0249,68,51,2754,4051,,71,74,74
C1492,43,61,183,422,,33,38,38
C1373,81,34,3299,4055,,19,33,36
C0042,,,,,,69,80,82
C0593,64,35,7632,11929,,24,38,42
C1100,82,29,6367,7785,,15,28,33
C0577,73,19,1149,1570,,43,54,55
C1221,97,18,1342,1385,,49,64,67
C0686,33,75,1441,4367,,23,40,45
C0240,48,56,976,2046,,41,52,55
C0845,97,39,677,700,,63,74,75
C0495,72,35,778,1074,,41,53,55
C1458,72,38,5027,6982,,39,55,67
C0926,61,18,2497,4079,,48,52,53
C1144,85,47,802,940,,54,64,65
C1150,58,19,592,1014,,5,11,11
C1050,79,36,9799,12414,,28,31,31
C0595,62,28,1318,2140,,21,40,45
C0790,78,18,1902,2440,,18,38,46
C0370,61,53,1571,2591,,35,56,60
C0218,53,28,5682,10635,,18,27,27
C1146,90,54,1419,1570,,17,36,44
C0628,52,40,712,1359,,13,28,31
C0231,48,22,5937,12347,,31,37,39
C0838,73,22,1766,2416,,59,67,68
C0868,73,39,2021,2765,,16,35,43
C1052,86,18,2291,2658,,33,46,46
C1269,68,33,2888,4236,,31,36,40
C0543,41,29,1657,4009,,42,63,64
C0114,,,,,,24,40,43
C0009,83,29,13027,15745,,42,42,44
C1187,70,26,8092,11509,,52,63,64
C0713,,,,,,11,20,26
C0362,79,62,1666,2097,,9,9,9
C1516,60,23,2708,4543,,36,53,55
C0754,78,28,994,1276,,19,38,44
C1440,70,33,1755,2510,,83,85,86
C1529,,,,,,46,50,54
C1288,66,14,2486,3789,,10,34,52
C0618,65,21,1755,2698,,50,64,68
C0814,80,17,1854,2324,,69,81,81
C0753,78,21,2835,3647,,50,56,58
C0155,71,48,4175,5867,,27,39,40
C0504,18,36,3869,21336,,12,24,31
C0411,50,39,334,662,,20,35,41
C1343,71,17,3573,5047,,60,68,69
C0496,89,32,461,519,,33,59,66
C0239,51,61,244,475,,24,36,39
C1199,53,35,1290,2424,,19,39,44
C0530,46,19,20071,44006,,3,7,15
C1509,,,,,,15,36,41
C0113,68,17,1242,1827,,64,73,74
C1386,100,30,762,763,,,,
C0966,42,16,7713,18418,,63,71,71
C0136,82,16,10758,13142,,40,58,61
C1318,51,39,882,1734,,57,74,77
C0412,,,,,,9,20,24
C0742,77,23,3967,5120,,,,
C0802,,,,,,16,32,41
C0731,84,45,6597,7857,,26,60,67
C1398,82,41,3703,4507,,12,21,25
C0123,15,44,597,4115,,14,35,42
C0624,75,37,396,531,,63,63,63
C0911,13,42,4077,30374,,13,32,32
C0481,24,39,1267,5243,,20,43,49
C1195,70,37,523,750,,59,68,68
C0500,36,21,2123,5980,,,,
C1274,51,19,1596,3128,,18,28,30
C0146,88,30,19710,22473,,57,67,69
C0304,61,17,1569,2560,,22,39,46
C0016,100,83,460,462,,22,37,38
C0668,61,18,995,1629,,89,92,93
C0571,19,38,3471,18419,,70,79,80
C0044,59,39,11076,18908,,59,81,83
C0270,55,55,3148,5701,,23,30,48
C0941,77,21,1498,1949,,33,52,57
C1168,73,12,2478,3378,,28,28,28
C0672,59,18,1209,2040,,24,41,49
C0195,78,22,2093,2697,,87,92,93
C0050,54,44,292,540,,26,37,39
C0021,34,44,937,2728,,,,
C0233,20,30,1643,8250,,28,39,41
C1442,66,37,586,885,,11,20,23
C0961,74,29,2180,2931,,4,16,21
C1155,65,25,1574,2414,,11,12,31
C0798,25,24,4931,19863,,64,68,69
C0279,,,,,,33,51,54
C0716,77,24,4090,5336,,17,34,37
C0493,78,24,1229,1580,,24,30,30
C1324,86,30,3812,4431,,22,45,48
C1098,72,40,807,1120,,7,17,20
C1158,72,25,2327,3217,,9,22,24
C0950,56,24,2874,5164,,16,37,48
C1229,47,28,922,1943,,34,50,53
C0159,94,31,2969,3147,,35,48,51
C0308,75,19,1994,2660,,16,39,49
C0647,55,36,577,1049,,42,64,69
C0295,62,27,4879,7881,,18,38,43
C0425,47,30,361,767,,87,92,93
C1067,89,27,8190,9248,,20,41,46
C0185,43,22,7566,17545,,52,58,60
C1361,33,32,4665,14046,,25,40,45
C0643,87,35,4900,5638,,0,0,0
C0298,,,,,,42,61,65
C0408,61,23,2129,3515,,53,61,63
C1484,63,28,6381,10208,,15,32,37
C0548,67,18,1758,2605,,88,92,93
C1246,58,27,2049,3555,,37,62,68
C1286,72,39,2170,3023,,,,
C0892,,,,,,59,70,71
C0835,57,22,3747,6546,,87,93,95
C1071,93,41,2801,3022,,14,23,30
C0980,83,31,13259,15970,,40,48,49
C1125,85,29,777,909,,38,50,52
C1101,56,28,828,1488,,14,28,28
C0244,48,37,419,876,,72,77,77
C1273,95,38,2944,3096,,44,58,59
C0930,64,28,1944,3036,,36,56,62
C0978,83,26,3101,3721,,51,77,81
C0920,37,13,1752,4777,,25,35,38
C0357,83,29,9152,11019,,26,41,43
C0578,17,45,1203,7069,,68,84,86
C0702,58,31,828,1433,,46,58,59
C1270,38,53,786,2091,,51,60,60
C0871,55,22,11744,21178,,,,
C0062,73,26,3509,4816,,52,57,71
C1109,92,34,1867,2023,,14,31,36
C1514,,,,,,,,
C0424,79,47,2427,3073,,,,
C1175,76,22,9399,12364,,29,46,50
C0805,23,15,3612,15518,,43,62,67
C1411,93,40,976,1051,,51,60,61
C0560,32,19,15301,47364,,26,40,44
C0028,35,18,3519,10022,,25,44,50
C0552,8,72,1548,18989,,29,45,48
C1256,72,15,2041,2825,,80,84,84
C0654,48,25,1104,2280,,30,55,61
C0873,57,28,13053,23093,,6,16,22
C0912,62,42,9658,15535,,15,39,48
C0590,54,30,618,1150,,34,53,56
C0221,59,17,2785,4729,,25,47,51
C1189,53,19,2290,4354,,25,37,41
C1493,,,,,,21,37,42
C0323,82,25,3048,3719,,24,34,37
C1231,53,37,1827,3467,,59,67,68
C1357,78,14,17357,22381,,64,64,64
C0810,79,28,926,1171,,14,19,27
C0736,85,18,3004,3546,,22,40,43
C0987,71,29,1894,2660,,24,47,53
C0094,,,,,,51,65,67
C0711,67,26,933,1396,,21,35,41
C0422,99,55,264,267,,25,58,63
C0158,70,25,2100,3006,,55,61,62
C1384,73,18,3034,4167,,45,63,66
C0792,26,34,2209,8374,,22,42,50
C0018,71,42,617,866,,36,54,58
C0395,69,32,1293,1873,,36,47,48
C0072,52,21,14686,28143,,74,86,87
C0417,45,16,1050,2348,,36,48,51
C1222,88,42,3169,3606,,56,68,69
C1104,67,16,2536,3793,,31,44,46
C1244,70,48,6888,9845,,32,57,63
C0089,60,19,19851,33137,,35,50,53
C0283,62,34,757,1227,,22,40,46
C1257,74,32,1432,1932,,13,29,36
C0993,49,18,1310,2652,,24,35,38
C0309,57,19,2110,3684,,8,30,36
C1245,68,49,418,612,,22,52,58
C0694,64,19,8626,13389,,65,69,70
C0770,38,33,1899,4977,,33,47,48
C1431,51,38,530,1033,,22,35,37
C0371,72,55,1183,1639,,,,
C0008,84,35,1639,1958,,84,93,95
C0544,64,20,1819,2856,,59,62,63
C0398,53,18,1986,3721,,90,94,95
C0923,71,17,2329,3270,,37,49,55
C0620,76,25,8786,11524,,,,
C0762,55,26,3480,6297,,29,42,44
C1276,54,41,853,1585,,18,28,34
C0634,100,33,306,306,,11,27,31
C0677,,,,,,7,24,32
C1049,71,18,1982,2778,,22,38,43
C0974,46,27,2193,4770,,0,3,17
C0147,98,39,1158,1186,,34,58,63
C0079,68,16,18448,27321,,29,36,38
C0801,34,18,7560,22171,,57,62,62
C0010,64,29,1240,1931,,14,23,26
C0748,64,17,1912,2984,,35,52,57
C0278,78,36,6082,7832,,81,86,87
C1065,78,28,1391,1792,,87,93,94
C0169,,,,,,37,56,60
C0877,48,27,4091,8570,,63,73,74
C0215,,,,,,23,45,51
C0537,48,22,3933,8198,,4,16,20
C0639,89,31,3174,3562,,34,51,55
C0656,89,81,422,472,,51,64,74
C1489,,,,,,41,51,53
C0938,91,33,984,1083,,45,62,64
C0958,84,52,4888,5812,,30,56,67
C0553,77,49,608,787,,33,39,41
C0126,67,21,3137,4668,,65,68,69
C0252,56,48,10352,18458,,76,78,80
C1338,,,,,,44,55,55
C0921,66,19,1164,1751,,44,56,58
C1070,74,19,1580,2127,,23,46,51
C1439,70,14,5035,7174,,44,56,58
C0429,,,,,,63,76,77
C0914,54,27,5370,9949,,0,0,0
C0232,67,28,896,1340,,22,37,42
C1348,76,27,176,232,,,,
C0659,59,42,8464,14258,,88,95,97
C0567,70,33,1560,2231,,29,48,53
C0101,18,34,643,3539,,36,41,41
C0998,,,,,,23,42,49
C1238,23,66,290,1242,,38,47,49
C1467,87,50,2254,2602,,10,13,15
C0819,81,27,703,865,,62,68,69
C1501,30,70,10,33,,21,44,53
C0763,72,16,5806,8078,,32,46,50
C1317,,,,,,22,39,45
C0727,52,26,673,1287,,17,31,37
C1206,61,33,14199,23429,,72,77,78
C1409,72,21,3726,5165,,4,12,20
C0752,88,11,1382,1567,,13,27,35
C1298,58,20,2997,5147,,60,81,85
C1399,,,,,,59,68,70
C1488,85,40,1021,1198,,33,47,48
C1157,67,38,3667,5475,,12,27,32
C1290,,,,,,18,31,34
C0445,,,,,,47,54,55
C1138,81,44,562,693,,42,54,56
C0685,79,38,16473,20956,,17,37,44
C0196,36,76,21,58,,20,36,42
C1192,63,54,189,302,,49,75,79
C1120,,,,,,17,34,41
C0352,97,30,763,784,,,,
C0174,76,15,5932,7781,,89,96,96
C0007,,,,,,59,71,73
C1284,85,14,4691,5540,,22,37,41
C0679,66,61,2240,3379,,5,19,32
C0722,71,54,3507,4955,,31,36,38
C0247,55,38,8045,14645,,4,10,15
C0464,83,77,450,539,,47,67,70
C0347,60,22,1333,2221,,37,49,50
C0708,84,27,10630,12581,,9,20,24
C0745,,,,,,21,41,48
C0509,55,27,2241,4073,,17,31,39
C0335,90,39,526,583,,59,79,83
C0519,60,24,3169,5318,,40,60,63
C0205,59,87,225,383,,15,35,43
C0704,53,18,1738,3279,,31,48,52
C0856,46,31,2054,4424,,90,92,93
C0772,,,,,,39,45,48
C0236,57,23,3336,5873,,29,40,43
C0455,88,29,924,1053,,16,27,29
C0219,57,27,2487,4328,,15,22,24
C1481,61,27,834,1376,,26,53,60
C0717,72,22,1307,1822,,14,31,38
C0893,59,85,1016,1732,,27,41,43
C1372,22,45,10405,48054,,41,50,53
C1123,82,38,387,472,,50,62,65
C1265,42,44,1113,2631,,8,16,24
C1142,64,16,3458,5396,,9,29,38
C0227,59,69,1260,2124,,43,45,50
C1202,58,49,1032,1782,,18,36,39
C1506,,,,,,72,81,82
C0204,50,26,2691,5396,,23,41,46
C0470,87,59,2090,2404,,24,49,60
C0769,48,10,1207,2496,,10,14,16
C1260,80,58,2092,2599,,24,34,40
C0366,95,44,3274,3441,,38,44,45
C0852,36,24,6153,17244,,50,61,63
C1023,84,25,8761,10432,,16,41,51
C1486,76,90,48,63,,41,56,63
C1058,32,24,934,2896,,21,49,54
C0682,97,48,1679,1726,,30,40,43
C0217,81,76,54,67,,36,49,52
C0125,14,40,996,7153,,41,76,82
C0937,54,34,6061,11184,,82,86,86
C0242,57,42,644,1129,,33,33,33
C1218,93,38,1080,1157,,30,43,48
C1137,78,28,2504,3221,,4,10,14
C1367,62,23,12905,20805,,57,73,75
C0706,73,17,877,1206,,27,38,42
C1502,,,,,,13,33,41
C0580,61,31,2515,4149,,66,70,71
C1332,57,27,4749,8318,,59,72,74
C0858,82,22,1514,1841,,39,60,67
C0326,41,26,440,1074,,30,51,56
C0181,42,28,3703,8884,,86,90,90
C0734,83,15,2826,3400,,47,62,64
C0872,43,22,12104,28232,,,,
C1110,71,28,1441,2021,,31,41,45
C0459,66,29,442,670,,33,43,45
C0783,77,50,645,837,,87,91,91
C0494,83,27,3231,3902,,37,43,43
C0092,91,20,1874,2055,,18,30,34
C0448,54,48,240,446,,24,47,55
C1250,78,40,5917,7628,,71,79,79
C1009,,,,,,19,32,54
C1266,90,34,1103,1224,,46,46,46
C0529,32,28,7905,24538,,79,81,82
C0171,58,27,670,1162,,28,35,45
C1043,67,42,1007,1503,,13,27,33
C0902,63,39,7744,12248,,57,58,58
C1062,62,17,3776,6060,,40,58,63
C1010,58,40,255,441,,43,53,55
C1039,88,71,358,405,,65,70,70
C0150,77,32,13914,17970,,52,58,58
C0597,68,23,1599,2349,,34,49,52
C1239,92,52,1548,1689,,34,50,51
C1208,51,25,2285,4499,,6,19,26
C0671,,,,,,,,
C1354,99,28,334,336,,30,38,38
C0785,70,22,2385,3417,,25,50,50
C1090,42,31,2270,5453,,,,
C1342,92,23,2072,2251,,52,55,56
C0203,48,29,11880,24889,,64,66,68
C0402,96,20,2786,2897,,10,23,26
C1047,39,57,14,36,,40,56,61
C0952,49,81,203,417,,34,49,51
C0539,72,24,2633,3675,,42,46,47
C1220,92,52,4458,4851,,68,79,81
C1259,49,21,4986,10188,,90,92,92
C0614,51,29,1027,1995,,53,61,63
C1425,79,82,2255,2866,,50,61,62
C0274,75,38,1228,1633,,20,27,31
C0468,62,59,2229,3624,,76,79,80
C0683,22,86,480,2164,,11,20,22
C1412,82,34,12219,14887,,58,62,62
C1227,38,43,433,1151,,5,18,27
C1019,72,14,1756,2445,,43,52,53
C0177,32,25,2432,7652,,11,30,38
C1177,60,18,5776,9660,,,,
C0060,57,60,2240,3905,,43,55,55
C1181,67,14,3400,5070,,54,66,67
C0363,54,62,656,1219,,84,89,91
C0540,63,16,1513,2412,,29,44,47
C0002,87,36,4934,5689,,71,75,76
C0229,34,42,427,1264,,49,60,60
C1351,75,15,3328,4431,,58,64,64
C0831,77,16,3016,3930,,37,43,44
C1375,88,8,2729,3089,,61,69,70
C0615,68,36,104,152,,50,64,66
C0454,81,45,887,1094,,34,45,45
C0263,83,54,2425,2922,,25,45,49
C1294,79,27,2901,3694,,41,62,66
C0190,17,46,3413,20115,,21,36,41
C0575,75,33,3846,5137,,8,22,32
C1091,,,,,,26,45,50
C0303,58,25,2076,3556,,20,32,32
C1017,70,17,7632,10907,,64,70,70
C0888,46,26,3739,8193,,55,79,83
C0289,29,18,1495,5219,,30,44,47
C0651,65,33,1359,2076,,68,76,78
C0744,74,18,2820,3829,,23,39,44
C0899,70,21,2056,2942,,9,20,26
C0946,64,31,579,898,,19,39,46
C0099,78,38,553,705,,5,20,26
C0546,33,31,2346,7115,,18,40,43
C0870,59,36,2388,4049,,29,29,29
C0975,68,38,1544,2260,,38,58,61
C1035,54,77,1015,1864,,58,61,62
C0855,64,31,1811,2815,,50,60,61
C1032,72,34,1038,1442,,72,82,84
C1414,84,35,7974,9526,,30,50,60
C1336,,,,,,,,
C1341,83,27,165,199,,35,51,51
C0775,63,46,1419,2245,,29,40,41
C1478,,,,,,,,
C0292,54,19,2009,3692,,25,47,56
C0592,61,21,2256,3670,,65,71,72
C0967,74,32,2418,3267,,14,25,31
C1491,91,87,61,67,,52,57,58
C0209,50,26,2476,4963,,25,43,47
C0697,85,46,3750,4388,,,,
C0100,,,0,0,,35,47,53
C1453,60,39,102,170,,45,63,64
C1521,,,,,,56,64,66
C0351,72,30,517,715,,46,53,55
C1145,93,34,1175,1262,,79,90,91
C0800,100,26,9761,9785,,13,19,19
C0397,42,61,31,74,,30,50,53
C0483,26,34,1408,5407,,42,64,70
C1165,40,11,2851,7176,,43,53,54
C0891,49,25,13990,28269,,2,31,33
C0502,72,16,2593,3615,,27,48,52
C0266,78,61,1317,1689,,90,96,98
C1056,73,35,1910,2615,,27,41,45
C0705,,,,,,34,52,56
C1075,61,25,361,594,,41,49,49
C0320,56,18,14545,25914,,12,27,32
C1352,,,,,,19,38,40
C0991,90,15,2227,2468,,10,26,34
C0751,73,20,3812,5193,,12,19,19
C0432,66,40,796,1211,,84,91,93
C1178,69,34,3106,4492,,7,16,21
C0349,79,13,2720,3450,,27,43,46
C0518,,,,,,65,78,80
C0566,43,34,1897,4403,,4,9,11
C0781,,,,,,69,74,75
C0440,82,17,1426,1735,,50,58,60
C0804,34,41,4683,13753,,34,56,60
C0616,79,33,4764,6057,,41,54,58
C0029,,,,,,49,64,69
C0824,67,17,10429,15658,,22,40,40
C0452,100,21,1804,1804,,80,81,81
C1029,48,71,409,858,,15,22,25
C0842,26,35,15066,57845,,52,57,58
C1176,,,,,,28,33,33
C0908,41,26,1309,3226,,34,35,35
C0883,51,21,5205,10261,,18,41,52
C1111,75,27,2214,2938,,5,11,46
C1406,77,25,2643,3443,,5,14,15
C0532,79,32,4653,5920,,55,69,71
C1316,47,22,8791,18551,,69,74,74
C0664,14,66,437,3152,,16,35,42
C1381,64,20,1909,2997,,23,42,46
C0613,66,32,7933,12019,,30,42,42
C0787,21,50,1151,5606,,65,80,81
C1296,65,40,6054,9315,,39,45,48
C0865,55,35,3165,5761,,30,50,55
C0641,69,35,1345,1945,,3,7,12
C0051,76,63,1663,2180,,30,45,47
C1476,,,,,,23,32,32
C0053,80,28,1550,1928,,,,
C0657,65,32,3442,5325,,47,55,56
C0525,74,15,3458,4659,,25,48,54
C0421,72,27,731,1012,,39,39,39
C0837,86,15,3054,3551,,53,66,69
C1107,88,32,3286,3744,,36,51,53
C0426,90,33,391,436,,75,81,82
C0707,89,50,521,586,,40,46,48
C0750,77,15,2656,3430,,52,62,64
C0333,79,28,9176,11634,,32,51,55
C1172,74,15,7302,9934,,23,39,43
C0175,86,21,737,860,,59,63,63
C1291,99,11,623,632,,52,68,72
C0033,,,,,,44,62,67
C0619,59,21,513,872,,63,68,69
C0650,61,24,1870,3071,,33,50,53
C0049,90,66,3292,3659,,54,57,57
C1148,74,23,2393,3237,,48,64,67
C0410,64,22,550,854,,71,78,79
C0588,70,36,2792,4003,,24,32,33
C0879,47,22,5394,11518,,19,31,34
C1012,58,8,895,1534,,51,63,64
C1515,,,,,,21,33,37
C0140,70,20,1505,2145,,25,41,46
C0936,47,29,764,1634,,57,71,73
C1152,79,21,6165,7831,,68,71,72
C1130,79,36,1011,1279,,70,80,80
C0833,75,13,3095,4147,,62,71,71
C1421,46,43,1233,2698,,27,36,38
C0955,,,,,,55,69,71
C1405,97,48,452,465,,15,31,34
C1438,81,30,2327,2868,,79,86,87
C0390,95,39,770,807,,51,75,79
C1413,55,37,16679,30199,,19,36,40
C0130,61,13,9076,14808,,49,55,57
C0768,79,16,8498,10735,,41,50,52
C1451,75,24,992,1320,,45,77,79
C0004,81,39,1656,2054,,32,44,47
C1446,57,15,13462,23432,,53,72,74
C1370,69,26,571,824,,0,0,67
C1217,72,40,291,402,,46,59,63
C1033,80,46,8841,10991,,24,37,40
C0311,87,39,963,1101,,49,54,55
C0735,10,49,2260,23110,,62,65,65
C0372,54,38,1023,1908,,32,44,46
C0139,79,62,141,178,,0,15,43
C0250,52,66,5473,10525,,17,45,54
C1162,66,16,2618,3947,,24,38,38
C0700,58,41,1008,1736,,21,43,49
C1410,73,19,5243,7160,,,,
C0491,,,,,,25,40,45
C0077,69,18,8756,12741,,62,70,72
C0090,75,30,668,893,,21,31,32
C0191,49,24,5762,11687,,45,54,55
C0337,59,26,6260,10554,,30,45,49
C1132,89,41,544,610,,,,
C1393,47,53,952,2012,,57,64,66
C0255,75,35,603,809,,6,25,25
C0052,62,34,2084,3350,,0,8,8
C1099,72,25,1988,2780,,37,45,48
C0210,57,36,16803,29579,,18,32,42
C0473,48,75,79,163,,,,
C0521,76,20,2232,2942,,45,60,61
C0905,83,14,1354,1639,,25,36,38
C1503,,,,,,20,39,41
C0188,66,59,341,520,,49,57,58
C0025,43,15,1772,4121,,57,76,79
C0889,81,36,1195,1484,,57,78,82
C1392,30,41,8691,28984,,19,38,45
C0319,52,18,2073,3961,,45,53,54
C0280,66,34,4894,7455,,40,52,54
C0057,,,,,,43,57,59
C0435,45,9,1612,3582,,28,46,52
C0797,16,52,6222,39999,,46,62,63
C0237,60,29,2353,3901,,23,39,46
C0887,58,21,1939,3341,,50,61,62
C0457,74,23,1056,1424,,56,67,68
C0307,71,39,521,737,,47,64,67
C0990,76,27,1520,2001,,8,17,20
C0823,92,17,5445,5911,,37,58,61
C0046,76,44,3653,4838,,15,30,36
C1013,46,16,1740,3780,,86,89,90
C0368,22,53,3936,17647,,60,66,68
C1308,88,22,5716,6488,,23,46,58
C0867,59,33,2843,4846,,38,54,57
C1215,83,49,648,781,,25,39,51
C0179,65,34,2366,3613,,37,62,66
C0791,64,18,4320,6747,,41,56,59
C0576,67,18,2657,3944,,47,51,53
C0767,54,18,3323,6145,,4,16,29
C0821,59,11,13346,22733,,27,46,51
C0194,67,21,4948,7429,,22,38,44
C1223,52,58,62,119,,2,9,9
C0156,80,60,63,79,,45,51,53
C1203,66,27,1089,1650,,22,41,47
C0356,69,40,4302,6204,,61,64,64
C1044,75,34,1830,2431,,23,35,39
C0314,63,38,1017,1617,,10,15,17
C1095,80,19,1314,1650,,36,45,47
C0997,,,,,,80,88,88
C0917,78,19,1029,1314,,44,44,44
C1301,52,27,1850,3546,,41,47,48
C0964,72,29,11370,15689,,34,42,45
C0186,60,22,3783,6298,,26,44,48
C0027,68,51,4056,5946,,73,84,86
C0359,70,54,1720,2456,,58,67,67
C0653,83,31,1878,2265,,79,84,84
C0692,96,32,639,663,,88,94,96
C0300,71,30,10427,14603,,71,77,79
C1482,,,,,,13,36,45
C0596,75,53,259,346,,9,20,25
C1254,93,47,4633,4973,,69,79,81
C0142,56,24,490,879,,54,61,63
C1074,59,23,625,1063,,22,22,22
C0728,,,,,,,,
C0327,79,17,2655,3370,,33,40,40
C0793,55,31,366,667,,19,34,38
C0603,61,29,667,1089,,16,34,41
C1313,59,44,5125,8750,,13,22,27
C0385,64,18,1413,2204,,43,50,51
C0932,69,38,9416,13742,,11,29,37
C1079,68,32,1295,1895,,6,17,25
C0784,68,16,5897,8654,,24,37,38
C0066,48,16,3323,6920,,9,9,9
C0710,100,53,376,376,,32,39,41
C0913,57,23,2243,3925,,17,31,33
C0999,56,41,17413,31359,,41,68,74
C0522,68,26,1307,1928,,18,36,39
C1127,87,36,585,670,,28,42,45
C0285,59,18,3421,5831,,89,93,93
C0866,78,29,2653,3391,,71,78,79
C1415,57,27,1473,2586,,18,28,33
C0013,63,28,923,1470,,3,20,25
C0684,,,,,,81,84,84
C1262,57,19,16809,29249,,8,17,22
C0626,21,36,1476,7045,,34,43,48
C0065,11,43,584,5535,,15,28,31
C1474,,,,,,21,42,51
C0284,100,52,6665,6690,,51,57,58
C1194,52,29,814,1565,,47,52,53
C0034,80,41,17465,21770,,44,53,55
C1322,66,38,12709,19170,,14,31,37
C1140,,,,,,33,50,51
C0005,51,28,5251,10245,,0,2,3
