ID,Endowment assets ($),Receiving financial aid (%),Tuition and fees 2010-11 ($),Tuition and fees 2011-12 ($),Tuition and fees 2012-13 ($),Tuition and fees 2013-14 ($),Degree of urbanization,Geographic region
C0781,9412,100,14500,13608,14280,14280,Rural: Fringe,Southwest
C1187,6141,75,10314,9616,9918,10626,City: Midsize,Southeast
C1059,75786,98,37361,39012,40874,42305,City: Midsize,Far West
C0758,11156,100,26356,28000,29710,31018,Suburb: Large,Mid East
C0789,21589,99,30077,30713,32030,33332,City: Large,Mid East
C1146,11349,91,12078,12528,12892,13130,Suburb: Small,Mid East
C0341,5294,100,22590,23630,24280,24970,City: Small,Great Lakes
C0755,10331,83,11676,12019,12380,12380,Suburb: Large,Mid East
C1382,211002,100,29254,30376,31540,32850,City: Small,Southeast
C0716,41179,100,30578,31894,33330,34330,City: Large,Plains
C0863,15525,100,25270,26260,27370,28430,Suburb: Large,Mid East
C0309,48680,99,35525,36920,38300,39842,Suburb: Large,Great Lakes
C1238,13979,94,10298,10298,10680,10680,City: Large,Southeast
C1252,4610,96,6190,6716,7049,7507,Town: Remote,Southeast
C0590,15091,100,21182,21600,22664,23563,City: Midsize,Great Lakes
C0491,1123,99,7090,7300,7300,7300,Rural: Fringe,New England
C0715,22578,100,22115,23060,23800,24750,Town: Distant,Plains
C1527,38077,87,8300,8540,8900,9486,Suburb: Large,Far West
C0414,6213,97,3942,4082,4320,4358,Town: Remote,Plains
C0019,5870,88,7750,8520,9280,10000,Suburb: Large,Southeast
C0272,2122,94,5282,5645,5740,5837,Town: Fringe,Southeast
C0325,13240,97,20100,21600,22200,22800,City: Large,Great Lakes
C0707,12290,89,6162,6420,6435,6464,Town: Remote,Rocky Mountains
C1273,3647,83,4604,4786,5022,5238,City: Large,Southwest
C1519,,91,15024,15790,16795,16795,City: Small,Rocky Mountains
C1463,5303,88,7166,7536,7898,7946,Suburb: Midsize,Great Lakes
C0155,73,68,4093,4834,5341,5744,City: Large,Rocky Mountains
C1388,32350,93,7194,7721,8107,8509,Town: Distant,Southeast
C1267,61745,100,19550,20500,21530,22590,Town: Distant,Southwest
C1275,18003,87,7342,7513,8094,8401,City: Large,Southwest
C0927,13183,100,22292,23198,22784,23520,Suburb: Large,Southeast
C0220,23183,100,23400,24100,24800,25532,City: Midsize,Southeast
C0543,20675,99,29458,30626,32100,33230,Suburb: Large,New England
C1278,14574,100,21890,22790,23690,24790,City: Large,Southwest
C1480,,,,,,8800,City: Midsize,Far West
C0337,2988,82,10149,10719,11182,11767,Town: Remote,Great Lakes
C1038,5805,96,4652,4904,5060,5315,Town: Distant,Southwest
C0248,4532,91,4454,4786,4914,5035,Town: Distant,Southeast
C0618,3188,100,20536,21520,22538,23400,Suburb: Small,Great Lakes
C1344,1557,57,13022,13670,14218,14930,Rural: Distant,New England
C0872,4893,61,6881,7216,7645,8144,Suburb: Midsize,Mid East
C1414,3716,73,6858,7756,8805,8863,City: Small,Far West
C0943,11458,85,17160,17160,17160,17890,City: Large,Southeast
C1062,24918,99,32740,33990,35320,36660,City: Small,Mid East
C0958,28,88,6731,7270,7353,7660,City: Midsize,Plains
C0291,13111,79,19610,20644,21730,22792,City: Large,Great Lakes
C0565,36777,84,41982,43840,45125,46713,Rural: Fringe,New England
C1335,11426,81,5190,5560,5940,6030,City: Small,Rocky Mountains
C0947,143348,81,39970,41576,43200,44742,City: Midsize,Southeast
C1529,,,,,,,Rural: Fringe,Mid East
C0192,12127,99,20575,20975,21125,21630,City: Large,Mid East
C1343,4224,93,27180,28400,29865,31350,City: Small,New England
C0102,10735,100,28690,30390,31640,33020,City: Large,Far West
C0971,507,92,8516,9002,9314,9499,City: Large,Great Lakes
C0840,,100,28010,29100,30380,31260,Suburb: Large,Mid East
C0530,43924,62,39864,41420,42994,44880,City: Large,New England
C1521,,83,4330,5290,5082,5246,Suburb: Large,Southeast
C0822,36659,100,25360,26094,26924,27728,Rural: Remote,Mid East
C0245,382343,53,39158,41164,42980,44008,Suburb: Large,Southeast
C0109,7322,100,25881,27231,28314,29103,City: Large,Far West
C0023,11350,91,5748,6204,6660,6948,City: Midsize,Southeast
C1041,216498,88,28735,31551,33095,34835,City: Large,Southwest
C1390,20679,73,9459,10509,10923,11455,City: Small,Southeast
C1166,25526,96,18410,19090,19810,20540,Town: Distant,Mid East
C0083,7855,77,11958,13860,13877,13895,Suburb: Small,Far West
C0411,8289,93,18000,18400,19050,14800,Town: Remote,Plains
C1077,1193,96,7718,8404,8602,8806,Suburb: Large,Mid East
C0261,23346,99,18000,19000,19930,20730,Town: Distant,Southeast
C0422,5926,100,20400,21680,23000,23964,Town: Distant,Plains
C0528,43423,77,37058,38328,39628,41110,City: Small,New England
C0196,,100,12048,12048,12048,12048,Suburb: Large,Southeast
C1476,2603,,,,,,Town: Distant,New England
C0495,9500,98,21680,22770,22770,22770,Rural: Fringe,New England
C1234,6459,100,11646,11646,12348,12842,City: Large,Southeast
C0116,19810,41,11088,11376,11736,12096,City: Large,Far West
C1240,6065,87,16200,17720,18740,19490,Town: Remote,Southeast
C1176,46293,91,18960,19935,20685,21285,Suburb: Large,New England
C1086,28884,99,33250,34830,36550,38200,Suburb: Large,Mid East
C0230,6633,100,18742,19670,20418,21050,Town: Fringe,Southeast
C0940,10373,100,20577,21625,22900,24150,Rural: Distant,Southeast
C1297,51276,100,19548,20355,21540,22484,Town: Remote,Southwest
C0134,4355,100,21000,21600,22400,23300,City: Small,Far West
C0852,162764,89,40282,41826,43666,45372,City: Midsize,Mid East
C0250,2244,89,5340,5659,5754,6071,Town: Remote,Southeast
C0450,6788,99,6264,6576,6840,7044,Town: Remote,Southeast
C0753,7062,99,33410,35002,36352,37348,Suburb: Large,Mid East
C0557,1732,98,25100,26600,27850,28950,Suburb: Large,New England
C1042,1806,99,24114,25650,26650,27492,City: Large,Far West
C0621,12566,84,9006,9606,9982,10355,City: Small,Great Lakes
C0014,1488,93,5424,6120,6360,7092,City: Small,Southeast
C1099,25137,100,26644,27680,29174,30310,City: Small,Mid East
C0397,8751,97,24430,24430,26430,26430,Town: Remote,Plains
C1015,122323,99,36598,38290,39810,41680,Town: Distant,Great Lakes
C0713,6889,100,6150,6540,6300,6300,Suburb: Large,Plains
C1313,17865,84,9886,10276,10666,10864,City: Midsize,Southwest
C0690,4359,95,5638,5947,6175,6390,Town: Remote,Plains
C1269,1859,93,5998,6283,6583,6583,Town: Distant,Southwest
C0898,351860,71,43190,44705,46270,47890,Suburb: Large,Mid East
C0589,4019,92,9688,10024,10950,11220,Town: Distant,Great Lakes
C0584,13019,100,22242,23428,24478,25470,Town: Fringe,Great Lakes
C0620,11158,89,9026,9809,10190,11094,City: Large,Great Lakes
C1199,5102,100,19200,20000,21000,22080,Town: Fringe,Southeast
C0493,8124,98,27345,28700,30030,30990,Rural: Fringe,New England
C0445,6512,100,18950,20030,21230,22070,Town: Remote,Southeast
C0159,2072,94,5615,6270,7327,7327,City: Midsize,Rocky Mountains
C1147,100631,76,14936,16132,16590,17100,City: Large,Mid East
C1296,4573,87,5704,5972,6608,7022,Town: Distant,Southwest
C1347,,96,9096,9468,9864,10286,Town: Remote,New England
C0614,12979,99,20500,21118,21971,23021,Rural: Distant,Great Lakes
C0165,114620,53,43990,43990,44890,46085,City: Small,New England
C0727,18228,100,18150,18780,19880,20470,City: Large,Plains
C0374,15698,100,24500,27622,27672,27672,Rural: Fringe,Great Lakes
C1134,32655,68,15250,15984,16444,16992,City: Small,Mid East
C1525,50,,,,,,City: Small,Great Lakes
C0696,46968,100,25400,26620,27410,27954,City: Midsize,Plains
C0929,3808,95,4416,4668,5059,5422,City: Large,Southeast
C0202,6827,95,4635,5187,5785,5785,City: Midsize,Southeast
C0188,121176,88,11226,11986,12806,13800,City: Large,Mid East
C1201,20081,100,22518,22925,23575,23800,Town: Distant,Southeast
C0633,2555,85,6725,7148,7531,7557,City: Small,Plains
C0443,41004,93,8610,9128,9676,10110,City: Large,Southeast
C0718,4927,100,15808,16626,17366,18256,City: Large,Plains
C1155,15171,100,27548,28354,29050,30300,Suburb: Large,Mid East
C1255,9927,99,18518,20490,21290,22330,City: Large,Southeast
C0056,154110,98,20530,22050,23250,24350,Town: Remote,Southeast
C0282,1610,97,4998,5348,5562,5786,City: Small,Rocky Mountains
C1317,2365,95,9482,9682,9682,10008,City: Small,Southwest
C1289,,90,4795,5034,5165,5173,City: Small,Southwest
C0283,12430,100,23100,24030,25190,26550,Suburb: Midsize,Rocky Mountains
C1268,3247,98,4467,4974,5328,5578,Rural: Fringe,Southwest
C1482,458781,,,,,,City: Midsize,Plains
C1189,11053,98,13168,13370,14528,15010,Town: Distant,Southeast
C0487,3659,97,7163,7575,7575,7575,Rural: Remote,New England
C1080,142411,72,41520,43060,44551,46094,City: Small,Mid East
C0287,27143,99,14996,16296,17502,18506,Town: Distant,Great Lakes
C1232,7875,94,5823,6271,6715,7249,City: Small,Southeast
C0516,142620,75,42192,43656,45004,46296,Suburb: Large,Mid East
C1375,22345,100,25655,26960,28020,28720,City: Small,Southeast
C0345,305019,97,36694,38284,40020,41450,Town: Distant,Great Lakes
C1089,17873,100,22236,23330,24480,25220,Suburb: Large,Mid East
C0946,18744,100,21614,21614,22674,23332,Town: Distant,Southeast
C1137,7075,86,12730,13102,13356,13608,Suburb: Large,Mid East
C1415,300205,91,38770,40496,42105,43500,City: Small,Far West
C1224,2599,99,6048,6432,6648,6876,City: Midsize,Southeast
C0591,2572,95,11964,12536,13192,14096,Suburb: Large,Great Lakes
C0653,3387,77,4858,5247,5712,6108,Rural: Remote,Southeast
C0221,113393,86,37640,38400,39900,41460,Suburb: Large,Southeast
C0551,5242,80,10611,11407,11966,11966,City: Large,New England
C1345,4423,98,27948,29316,30968,32192,Rural: Distant,New England
C1182,459,93,10884,11940,12140,11940,City: Midsize,Southeast
C0786,51449,75,41670,43306,44798,46370,Town: Fringe,Mid East
C1230,7201,100,18256,19200,20200,20200,Town: Fringe,Southeast
C0452,11474,100,15250,16250,17050,17750,Town: Remote,Southeast
C1179,8281,91,10476,11366,12450,12450,Suburb: Large,New England
C0619,8076,97,18974,19898,20480,20480,Town: Remote,Great Lakes
C1412,29245,79,9489,10799,12300,12327,Town: Distant,Far West
C0546,203172,72,39892,41488,43400,44272,City: Midsize,New England
C1417,6104,100,22204,22740,22740,22740,Town: Distant,Southeast
C1428,6213,91,5234,5554,5834,6256,Town: Fringe,Southeast
C0135,35761,91,35430,37150,38450,39890,Rural: Fringe,Far West
C1363,3813,75,9250,10084,10572,11092,City: Midsize,Southeast
C0669,23821,100,19390,20130,20720,21320,Town: Distant,Plains
C0706,9626,97,18956,19580,20288,20960,City: Small,Rocky Mountains
C1120,18735,,,,,,Suburb: Large,Mid East
C1351,33531,99,34845,36240,37510,39015,Suburb: Midsize,New England
C1436,92305,96,35038,36674,38474,41250,City: Small,Great Lakes
C0668,5216,100,21900,23100,23950,24950,City: Large,Plains
C1190,25762,91,11908,12304,12674,13054,Suburb: Large,Southeast
C1516,15311,100,24429,25407,26412,27456,City: Large,Southeast
C0645,10096,99,26090,27250,28320,29315,Town: Distant,Plains
C1359,7372,100,18800,19980,21060,22390,Town: Remote,Southeast
C0030,12346,83,5358,5568,5898,4984,Suburb: Small,Far West
C0137,1856,99,26342,27400,28500,29250,City: Midsize,Far West
C1057,8860,93,17604,18290,19030,19770,City: Large,Far West
C0319,26877,99,19960,21050,22150,23350,City: Large,Great Lakes
C0419,34444,99,20200,21400,22600,23800,Town: Remote,Plains
C0210,13906,95,5238,5826,6402,6507,City: Midsize,Southeast
C0234,1417,91,4510,4854,4942,5085,City: Midsize,Southeast
C0871,2600,79,6830,7172,7525,8040,City: Small,Mid East
C0413,13591,96,4636,4952,5272,5614,Town: Remote,Plains
C0169,32321,,,,,,City: Midsize,New England
C1184,5013,100,19854,20840,21440,22090,City: Small,Southeast
C0233,485,99,4592,5802,5912,6024,City: Small,Southeast
C1003,10676,94,18808,19520,19970,20780,Rural: Distant,Great Lakes
C1342,,90,9096,9468,9864,10286,Town: Distant,New England
C0794,316753,57,43304,45290,47246,49138,City: Large,Mid East
C1291,26972,71,12350,12350,12400,13525,City: Large,Southwest
C0334,1512,86,8401,8865,9251,9666,Suburb: Large,Great Lakes
C0187,9456,86,5010,5010,5138,5138,City: Large,Mid East
C1088,12180,100,24582,25522,26526,27546,City: Midsize,Mid East
C1174,44633,89,33357,34624,35991,37234,Suburb: Large,New England
C0967,6903,97,23500,24400,25496,26420,Town: Fringe,Great Lakes
C0447,,95,13350,13350,13350,8673,Rural: Fringe,Southeast
C0420,54442,95,19625,20600,21810,22891,Town: Remote,Plains
C1019,7354,88,12300,12900,13510,14050,Town: Distant,Southwest
C1208,232,98,8898,9258,9258,9776,Town: Distant,Southeast
C1424,9614,96,4888,5352,5860,6384,Town: Remote,Southeast
C1340,17627,95,41350,42800,44220,45080,Town: Distant,New England
C1229,18432,100,24870,26110,27290,28210,City: Large,Southeast
C0767,10939,100,28332,29800,31220,32284,City: Large,Mid East
C0693,15452,100,27340,28660,29840,31290,City: Large,Plains
C0046,3440,95,6640,6934,7180,7510,City: Small,Southeast
C0383,28657,99,24610,25760,26950,28000,City: Small,Plains
C0488,2765,98,7075,7480,7480,7490,Rural: Remote,New England
C1178,2236,86,6986,7268,7598,7602,Suburb: Large,New England
C1047,15876,100,17730,18405,18945,19665,Suburb: Large,Far West
C0989,15917,100,23550,24400,25100,25800,Suburb: Large,Great Lakes
C0726,9994,100,23134,24254,25214,26934,City: Large,Plains
C0242,24117,100,26226,27220,28270,29100,Suburb: Large,Southeast
C0147,1145,98,22040,22960,23870,25046,City: Midsize,Rocky Mountains
C1322,18131,75,6970,7380,7517,7517,City: Midsize,Southwest
C0181,4724,97,6731,7056,7336,7336,City: Small,Mid East
C0830,18273,92,26920,29700,32535,35725,City: Large,Mid East
C0941,42253,97,23752,25356,27576,29800,City: Large,Southeast
C0423,2018,,,,,,City: Midsize,Plains
C1074,16877,100,28967,30110,31596,33000,City: Midsize,Mid East
C0148,317840,53,38898,40050,41892,44222,City: Large,Rocky Mountains
C1113,3347,86,7700,8361,8600,8866,Suburb: Large,Mid East
C1524,,96,15024,15790,16795,17211,City: Large,Rocky Mountains
C0070,1455,82,5302,6582,6582,6491,Suburb: Small,Far West
C1406,22431,99,29200,30950,33100,34740,Suburb: Large,Far West
C1034,12590,98,20054,20756,21576,22508,City: Large,Southwest
C0485,1997,89,7125,7448,7448,7500,Town: Distant,New England
C0719,66487,100,22620,23734,24900,25520,Town: Distant,Plains
C0003,302,100,8360,8720,6800,6870,City: Midsize,Southeast
C1503,,100,5870,5870,6070,6070,Suburb: Large,Rocky Mountains
C0682,7231,93,4530,5090,5271,5376,City: Small,Plains
C1140,164,87,15300,15900,16500,17040,City: Large,Mid East
C1373,12640,69,9855,10530,10890,11340,Town: Remote,Southeast
C0095,456319,53,40230,42240,44085,45625,Suburb: Large,Far West
C1349,289779,45,41414,42428,44111,45314,Town: Distant,New England
C1337,21846,64,6272,6762,7139,7457,City: Midsize,Rocky Mountains
C0042,,88,7432,7800,7800,8040,City: Midsize,Southeast
C0913,1815,97,3640,3814,4150,4429,Town: Distant,Southeast
C0240,686,94,4566,4926,5014,5153,Suburb: Large,Southeast
C0346,43352,96,28076,29416,30556,30596,City: Midsize,Great Lakes
C1231,15082,100,22000,23494,24754,26094,City: Large,Southeast
C1402,22282,99,30925,32222,33652,35062,City: Midsize,Far West
C0632,340683,81,40046,42021,43693,45388,City: Large,Plains
C0517,2990,75,7656,7906,8132,8342,City: Small,Mid East
C0312,31599,96,32114,33294,34578,35573,City: Large,Great Lakes
C0117,10368,100,28500,29890,30522,31126,Suburb: Large,Far West
C1396,36117,98,28556,29680,30998,32482,City: Large,Southeast
C0656,6083,94,4851,5288,5724,6562,Town: Remote,Southeast
C0110,9560,99,25640,26650,27700,28800,Suburb: Large,Far West
C0343,5459,95,14200,14880,14880,15620,Suburb: Large,Great Lakes
C1484,2284,73,5044,6596,6452,6649,Suburb: Large,Far West
C0553,6277,89,8293,6867,7202,7127,Suburb: Midsize,New England
C0185,45966,80,36697,38071,39499,40649,City: Large,Mid East
C0813,827,93,24880,25908,27124,28390,Suburb: Large,Mid East
C1191,22100,100,20548,22200,23640,24579,Town: Distant,Southeast
C0280,19308,91,5402,5856,6212,6524,Rural: Fringe,Rocky Mountains
C1292,8014,97,6856,6132,6404,6764,Town: Distant,Southwest
C0386,20267,100,23180,24300,25520,26540,Town: Remote,Plains
C1109,279,94,8058,8654,8926,9192,Town: Distant,Mid East
C1416,40194,98,30204,32144,34346,36012,Suburb: Large,Far West
C0311,35491,89,21000,23000,17500,17500,Town: Distant,Great Lakes
C1117,70771,91,38380,39915,41510,42755,City: Midsize,Mid East
C1357,28952,94,14066,14784,15284,15718,City: Small,New England
C1093,345178,57,40624,42208,43702,45426,Suburb: Large,Mid East
C0432,23245,99,23303,24229,25311,26076,Town: Fringe,Southeast
C0377,10985,100,25400,26730,27790,28850,Town: Distant,Great Lakes
C0072,3819,68,4807,6106,6125,6350,Suburb: Large,Far West
C0908,40089,99,25160,25160,26040,26820,Suburb: Midsize,Southeast
C1318,72835,100,22890,23930,24990,25890,Town: Fringe,Southwest
C0332,8109,86,29100,30150,30780,31527,City: Large,Great Lakes
C0711,20707,100,21100,22134,22892,23718,City: Midsize,Rocky Mountains
C1420,19512,100,24700,25181,19681,19650,City: Small,Southeast
C1002,28859,100,28413,29550,30658,31424,Suburb: Large,Great Lakes
C0837,2752,99,23300,24410,25340,26250,Suburb: Large,Mid East
C0658,112710,100,27812,29482,30974,32520,City: Midsize,Southeast
C0610,11913,84,8160,8712,9028,9356,City: Midsize,Great Lakes
C1010,17022,100,23940,24910,25790,26720,Suburb: Large,Great Lakes
C0849,88229,95,40680,42704,44475,46269,City: Small,Mid East
C0217,,95,14745,15478,14695,15995,Suburb: Large,Southeast
C0424,10809,91,4848,5162,5494,5906,Town: Distant,Plains
C1264,1241,74,6294,6594,7084,7172,City: Large,Southwest
C0900,55802,100,32180,33410,34700,35900,Rural: Distant,Mid East
C1372,1646,95,18064,19154,19968,20768,City: Small,Southeast
C0304,135452,100,22800,24550,26500,27800,Town: Distant,Great Lakes
C0303,116710,99,35256,36572,37954,39316,City: Small,Great Lakes
C0617,4399,100,19790,20554,21152,21890,Town: Distant,Great Lakes
C1286,3790,90,5470,5648,7632,7665,City: Midsize,Southwest
C0152,38352,85,36501,37833,39177,40707,City: Large,Rocky Mountains
C1222,22053,93,6762,7209,7704,8022,Town: Distant,Plains
C0269,3613,100,14540,15010,15650,16610,Rural: Fringe,Southeast
C0088,5527,70,11686,13595,13671,13746,Suburb: Midsize,Far West
C1249,8453,95,19100,19700,21200,21800,Town: Distant,Southeast
C0328,8035,100,25710,26610,27730,28810,Suburb: Large,Great Lakes
C0972,41246,98,29930,31640,33400,35800,City: Midsize,Great Lakes
C1439,20588,100,29750,31300,33000,34850,Suburb: Midsize,Great Lakes
C0421,3655,99,20250,21500,21500,22290,Suburb: Large,Plains
C1020,4484,100,19200,20160,21140,22252,Town: Distant,Southwest
C0800,433,71,4978,5508,5858,6158,City: Large,Mid East
C0145,,76,6029,6512,6688,7024,City: Large,Rocky Mountains
C0995,4775,94,6102,6327,7140,7140,Rural: Fringe,Great Lakes
C0380,10169,97,23418,24694,25642,26650,City: Small,Plains
C0574,14958,97,29812,30844,31912,33020,City: Midsize,New England
C0547,17222,98,26000,27500,29000,30000,City: Small,New England
C0953,31554,100,16780,17270,17870,18494,Town: Remote,Plains
C0792,264911,41,41870,42920,44640,46380,Town: Distant,Mid East
C0768,27638,98,31890,33490,34750,35820,Suburb: Large,Mid East
C1259,82162,99,22760,25270,26770,28350,City: Midsize,Southwest
C0034,8058,91,8132,9720,9724,9861,City: Midsize,Southwest
C0537,27474,72,31422,32728,34198,35730,City: Large,New England
C0949,17933,99,21140,22180,23845,25040,Suburb: Large,Southeast
C1474,2324,,,,,,Suburb: Large,Far West
C0607,45391,63,11152,12202,12622,12862,City: Small,Great Lakes
C1032,28164,96,25760,27500,27500,29426,City: Large,Southwest
C0005,13202,93,7164,8082,7932,8720,City: Midsize,Southeast
C1131,11985,95,12596,12994,13244,13354,Town: Remote,Mid East
C0497,8075,95,7330,7500,7646,7838,City: Large,Mid East
C0980,3768,91,9030,9346,9672,9816,Suburb: Large,Great Lakes
C1045,58571,90,36632,38500,40330,41928,City: Large,Far West
C0058,20167,100,12020,12620,13150,13750,Rural: Distant,Southeast
C0342,37146,94,30558,31948,33138,34368,City: Large,Great Lakes
C1104,25904,100,31620,33200,34470,35700,Suburb: Small,Mid East
C1391,19817,79,8817,9517,9886,12002,City: Midsize,Southeast
C0529,137445,59,40542,42204,43878,45622,City: Small,New England
C0844,15730,97,25470,27290,28940,30780,Suburb: Large,Mid East
C0326,10037,100,24750,25570,26310,26710,City: Midsize,Great Lakes
C1082,21257,100,27502,28671,30034,31385,City: Large,Mid East
C0119,4625,98,23250,24064,25264,26050,Suburb: Large,Far West
C0736,2399,100,28800,29450,29950,31000,Rural: Fringe,New England
C1172,13243,98,15140,15880,16520,17010,Suburb: Midsize,Mid East
C1368,124516,100,32489,33874,35570,37352,Rural: Distant,Southeast
C1061,207241,100,15540,16074,16878,17724,Suburb: Large,Mid East
C1207,2881,91,9390,9760,9760,9760,City: Small,Southeast
C1142,6773,98,28990,30546,32064,33690,City: Large,Mid East
C0889,1849,94,5195,5545,5915,6265,Suburb: Small,Mid East
C0876,1367,92,6114,6439,6764,7090,Suburb: Midsize,Mid East
C0470,1322,95,4292,4737,5679,6468,City: Small,Southeast
C0321,330031,63,40223,41983,43779,45527,City: Small,Great Lakes
C1295,28528,92,23500,25300,26890,28240,City: Large,Southwest
C1072,9251,100,22600,23504,24438,25416,City: Large,Mid East
C0071,1353,85,5049,6518,6327,6550,City: Midsize,Far West
C0339,10714,100,24000,24610,25560,26280,City: Small,Great Lakes
C1188,58834,85,9871,10216,10523,10838,City: Midsize,Southeast
C1261,101878,99,29235,31270,32850,33830,City: Small,Southwest
C1276,53054,99,19950,21700,22560,23200,Town: Remote,Southwest
C0503,39225,98,29860,31060,32300,33280,City: Small,Mid East
C0097,14139,98,35550,37350,39050,40600,City: Small,Far West
C0582,121935,99,31186,32662,34194,36051,Town: Fringe,Great Lakes
C0756,973,90,9250,10021,10422,10653,City: Large,Mid East
C1237,,99,8000,8220,8560,9180,City: Small,Southeast
C0896,,18,,,,1032,Suburb: Large,US Service schools
C0492,5499,100,29330,30500,31870,33145,Suburb: Midsize,New England
C0268,2811,100,15885,16910,18210,19000,Rural: Fringe,Southeast
C1460,1529,83,6680,6995,7351,7401,City: Small,Great Lakes
C0235,2402,95,15880,16226,17400,17400,Town: Distant,Southeast
C0961,9394,97,27412,28582,28858,29836,Town: Fringe,Great Lakes
C0907,20894,100,22520,24720,25000,26240,Town: Fringe,Southeast
C1377,9700,95,23426,23972,25178,26430,City: Midsize,Southeast
C0960,8639,90,9247,9545,9863,10054,City: Midsize,Great Lakes
C1152,29618,97,35230,36640,37830,39040,City: Large,Mid East
C0636,7068,92,10623,11097,11456,11448,Town: Distant,Plains
C0670,3423,94,6585,6945,7147,7265,Town: Distant,Plains
C0522,2819,100,26700,27902,29158,30040,City: Midsize,New England
C1392,213079,54,10828,11786,12216,12668,City: Small,Southeast
C1129,11149,75,13240,13628,13900,14240,Suburb: Large,Mid East
C0299,10621,98,20924,22198,22920,23612,Town: Distant,Great Lakes
C0455,11307,100,24845,25845,26595,27345,Suburb: Large,Southeast
C0942,16582,100,10768,11200,11680,12160,Town: Distant,Southeast
C0436,4092,95,19710,20740,21600,22196,Town: Remote,Southeast
C1423,,93,5172,5326,5326,5824,Town: Distant,Southeast
C0558,5331,91,28870,30400,31700,32370,Suburb: Large,New England
C0259,18477,97,27950,29150,30150,31280,Suburb: Large,Southeast
C0749,,100,28054,28890,29630,30540,Suburb: Large,Mid East
C0698,4100,89,6276,6598,6792,6908,City: Midsize,Plains
C1069,180935,55,42342,43866,45378,46902,Town: Distant,Mid East
C0040,3657,99,16174,18968,21040,21832,City: Large,Southwest
C1479,905,99,14080,14830,15092,15688,City: Large,Southwest
C1196,6684,99,8480,8802,9066,9386,Suburb: Small,Southeast
C1085,2675,91,7730,8360,8578,8849,Town: Fringe,Mid East
C0289,746,97,8752,9062,8558,9032,City: Large,Great Lakes
C0296,26608,89,28660,30054,31650,32920,Suburb: Large,Great Lakes
C0752,2755,100,26425,28080,29400,29990,Suburb: Large,Mid East
C1139,10390,81,12596,12966,13238,13602,Suburb: Midsize,Mid East
C0322,788,77,7492,7879,8089,8460,City: Large,Great Lakes
C0965,17716,100,29310,30450,31364,31990,Suburb: Large,Great Lakes
C0106,86488,92,24542,25788,27080,27900,City: Large,Far West
C0776,962,95,2972,3284,3504,4000,Town: Remote,Southwest
C1468,2121,84,6845,7146,7505,7577,Town: Distant,Great Lakes
C0089,3473,80,11505,13416,13416,13397,City: Small,Far West
C0009,22092,76,7900,8698,9446,9852,City: Small,Southeast
C1431,9902,96,5164,5344,5558,5808,Rural: Fringe,Southeast
C0788,787,96,9525,11025,11025,11025,City: Large,Mid East
C1121,10806,93,12678,13048,13300,13412,Rural: Fringe,Mid East
C0327,16852,96,23000,25000,25950,26500,City: Large,Great Lakes
C0279,3835,87,5416,5796,6070,6344,City: Small,Rocky Mountains
C0227,2830,97,16430,17718,18596,19986,City: Small,Southeast
C1511,243,89,3563,4006,4498,4482,City: Large,Far West
C0215,1158,,,,,,Suburb: Large,Southeast
C0977,49493,100,27135,28950,30190,30290,Town: Fringe,Great Lakes
C0177,206497,41,42420,44070,45730,47510,City: Midsize,New England
C0815,3499,69,4164,4459,4790,5105,City: Large,Mid East
C0728,4753,92,5071,5318,5520,5574,Town: Distant,Plains
C0968,1196,91,5480,5672,5870,6058,Rural: Fringe,Great Lakes
C0390,9039,100,20222,21018,21826,22628,City: Midsize,Plains
C0747,5474,96,22400,23700,25050,25880,Suburb: Large,Mid East
C0816,39837,92,38602,40292,42057,43902,City: Large,Mid East
C0161,2997,83,24374,26294,28358,28378,City: Midsize,New England
C1520,3287,,,,,,City: Small,Mid East
C0157,6428,90,5997,6623,6514,6968,City: Small,Rocky Mountains
C1452,36623,99,28043,29395,30675,31866,Suburb: Midsize,Great Lakes
C0180,1528324,61,38300,40500,42300,44000,City: Midsize,New England
C1281,6117,99,5105,5409,5714,5818,City: Midsize,Southwest
C1475,2393,,,,,,City: Small,Far West
C0730,7827,92,5808,6428,6705,6690,City: Midsize,Far West
C1499,8465,100,9840,10080,10320,10800,Suburb: Large,Great Lakes
C0018,14086,93,16120,17220,18080,18690,Rural: Fringe,Southeast
C1216,29980,100,19850,20810,21750,22700,Town: Remote,Plains
C1257,7673,100,22390,24030,25650,26880,City: Small,Southeast
C1506,46,100,12240,13200,15020,15840,City: Small,Southeast
C0683,3316,100,17170,17780,17900,18300,Town: Remote,Plains
C1332,3223,88,4736,5198,5576,5924,Town: Remote,Rocky Mountains
C0951,6199,83,5124,5387,5925,6265,Rural: Fringe,Southeast
C0500,269,95,5547,5732,6065,6252,City: Large,Mid East
C1108,118787,100,30800,31818,32756,33746,City: Small,Mid East
C1500,15146,98,24429,25407,26412,27456,Suburb: Large,Southeast
C1144,144,97,12046,12496,12890,13078,Town: Remote,Mid East
C0244,4764,100,13520,14550,15700,16800,Town: Distant,Southeast
C0054,38304,99,19770,20766,21774,22734,Town: Distant,Southeast
C1432,28946,100,23980,24964,25804,26794,Town: Remote,Southeast
C0243,2488,93,2522,3622,3732,3910,City: Small,Southeast
C0140,52202,99,34460,35650,37020,38510,Suburb: Midsize,Far West
C0810,12120,100,21060,21760,22240,22850,City: Large,Mid East
C1118,8706,100,22256,23350,24232,24948,Suburb: Large,Mid East
C0957,1000,88,6934,7092,7254,7508,City: Small,Plains
C0306,4015,79,11417,11832,12726,13010,Suburb: Midsize,Great Lakes
C0576,107486,93,41084,41894,43774,45074,Suburb: Large,New England
C1006,1541,98,18390,19124,19890,20700,Town: Distant,Great Lakes
C0973,13467,100,24330,25890,27360,28690,Town: Distant,Great Lakes
C0735,581104,61,40437,42996,45042,46752,Town: Remote,New England
C0674,4603,98,16990,18000,19050,20040,City: Midsize,Plains
C0999,52745,83,9420,9735,10037,10037,City: Large,Great Lakes
C0403,40815,100,26837,28123,29529,30999,Town: Fringe,Plains
C1447,20755,97,29520,30990,32370,34470,City: Large,Great Lakes
C1386,1036,100,17800,18300,18900,18900,Town: Distant,Southeast
C1512,1610,70,5070,6316,6216,6471,Suburb: Midsize,Far West
C1127,9846,92,12730,13102,13350,13470,Suburb: Large,Mid East
C1514,,,,,,,City: Midsize,Southeast
C0887,44,77,5966,6324,6624,6624,Suburb: Large,Mid East
C1254,6754,98,5828,6406,6692,7063,Town: Remote,Southeast
C0354,26169,85,7885,8243,8605,8756,City: Large,Great Lakes
C0405,29408,99,29020,30960,32740,34250,Town: Distant,Plains
C1157,2334,89,7666,8505,8748,9027,Town: Distant,Mid East
C0228,4130,95,23218,23976,25222,25772,City: Large,Southeast
C1401,2222,85,6679,7486,8395,8574,Suburb: Midsize,Far West
C0265,137294,90,22010,23254,23794,24634,City: Large,Southeast
C0985,40982,99,28340,29690,30950,31940,Town: Fringe,Great Lakes
C1314,10862,86,6731,7065,7214,7255,City: Large,Southwest
C0467,59950,98,31754,33552,35182,36860,City: Large,Southeast
C0277,125,64,4666,5146,5602,6336,Suburb: Large,Far West
C0129,1675,70,5014,6276,6440,6450,City: Large,Far West
C0664,26319,99,7610,8100,8300,8900,Town: Distant,Southeast
C0195,10304,79,30900,31700,32600,33600,City: Small,Southeast
C0213,,50,7410,7410,7410,7410,City: Large,Southeast
C1130,7966,89,12730,13102,13356,13608,Suburb: Large,Mid East
C0193,3670,97,27200,28160,28160,28160,Suburb: Large,Southeast
C1458,1919,81,7911,8329,8761,8769,City: Small,Great Lakes
C1022,3381,88,4336,4590,4770,5055,City: Small,Southwest
C0454,6601,99,18150,19350,20550,22425,City: Large,Southeast
C1173,303300,64,40820,42230,43758,45612,City: Midsize,New England
C0780,2436,91,2696,2822,2827,4060,Town: Distant,Southwest
C0344,232634,98,34905,36970,38750,40640,Town: Distant,Great Lakes
C0733,5444,93,24515,25370,27654,28483,Town: Distant,Far West
C1365,14927,99,25200,26400,27970,29350,City: Small,Southeast
C0356,3890,88,5740,6032,6325,6698,Suburb: Midsize,Great Lakes
C1355,9916,100,26034,27552,29310,29894,Rural: Remote,New England
C1033,36571,74,7864,8325,8706,8916,Suburb: Midsize,Southwest
C0273,5157,100,17740,18440,19330,20090,City: Large,Far West
C1076,3776,98,28200,29200,30165,31170,City: Large,Mid East
C0991,4022,100,23630,24652,25514,26344,Suburb: Large,Great Lakes
C1494,9745,93,7380,7560,7740,8100,Suburb: Large,Great Lakes
C0629,10726,97,10990,11320,11770,12300,Town: Distant,Plains
C0051,18798,98,14040,14610,15240,16170,Town: Distant,Southeast
C1364,95410,100,26000,27040,28122,28966,Rural: Fringe,Southeast
C0358,2357,82,6109,6323,6541,6675,City: Small,Great Lakes
C0029,4018,81,5186,5396,5726,5147,City: Large,Far West
C1223,20013,100,18330,19050,19800,20550,City: Large,Southeast
C0209,32743,99,24662,26112,27200,28580,City: Small,Southeast
C1027,7921,96,4479,4968,5347,5642,Town: Remote,Southwest
C0845,3829,100,20500,21500,22500,23250,Suburb: Large,Mid East
C1530,4422,,,,,5587,Suburb: Large,Southeast
C0654,1616,100,17700,18420,19200,19970,City: Midsize,Southeast
C0909,18888,100,20070,21020,21950,22510,Town: Distant,Southeast
C1079,15150,100,29284,30704,31746,32890,Suburb: Large,Mid East
C1090,94361,74,41070,42610,44210,45870,City: Small,Mid East
C0267,4792,56,12510,13320,14080,14740,Town: Distant,Southeast
C0338,115766,81,27580,28960,30120,30880,Suburb: Large,Great Lakes
C1215,4392,94,6455,6897,7212,7506,Town: Distant,Plains
C0271,101523,100,18000,18500,19000,19775,City: Small,Southeast
C1466,2379,86,6772,7113,7457,7484,Town: Distant,Great Lakes
C0276,11735,95,15820,16610,18600,20180,City: Large,Far West
C0360,20689,71,9028,9524,10033,10209,City: Small,Great Lakes
C1446,41607,100,30462,31822,33244,34640,City: Large,Great Lakes
C0992,261456,88,41577,43210,44905,46870,Town: Fringe,Great Lakes
C0126,22824,94,35540,37302,39338,41290,City: Small,Far West
C0323,4882,100,25590,27590,28090,29890,Suburb: Small,Great Lakes
C1435,11564,100,20060,21069,22126,23231,City: Large,Great Lakes
C0659,27882,83,5436,5790,6282,6760,Town: Remote,Southeast
C1399,,64,14574,15280,14440,14880,City: Large,Far West
C1453,13413,100,21170,21820,22470,23180,Town: Distant,Great Lakes
C0859,44780,78,43564,45212,46924,48696,Suburb: Large,Mid East
C1017,21298,100,29970,31160,32070,33000,City: Large,Great Lakes
C0922,39732,99,25290,26524,27718,29310,City: Small,Southeast
C1502,4630,,,,,,Suburb: Large,Great Lakes
C1009,2960,81,20838,21566,21566,21566,Rural: Fringe,Great Lakes
C0720,11,87,5912,6320,6565,6542,Town: Remote,Plains
C1251,23336,96,7382,8396,9092,11194,City: Midsize,Southeast
C1212,95720,92,31710,33190,34555,35515,City: Small,Southeast
C0679,10988,95,13540,14000,14600,15150,City: Small,Plains
C1358,25676,100,22956,24480,25950,27500,Town: Remote,Southeast
C1448,9280,100,22118,23000,24080,25098,City: Large,Great Lakes
C1315,12416,83,6322,6592,7222,7222,City: Small,Southwest
C1169,14327,99,33270,34762,36382,38028,Suburb: Large,Mid East
C1445,3586,100,21490,22440,23440,24650,City: Small,Great Lakes
C1376,9026,68,7862,8926,9306,9720,Suburb: Midsize,Southeast
C0580,2073,88,7155,7653,8157,8157,City: Midsize,New England
C1205,50,91,8020,8158,8558,8972,Town: Fringe,Southeast
C0814,25291,99,35900,36950,38150,38150,City: Small,Mid East
C1136,9600,95,12730,13102,13356,13470,Town: Fringe,Mid East
C0239,27945,100,17130,13790,12670,13560,Rural: Distant,Southeast
C0020,4290,82,5426,6084,6528,7078,City: Small,Southeast
C0841,22045,95,36729,38198,39368,40426,City: Large,Mid East
C0264,8711,99,17070,17870,18770,19670,City: Small,Southeast
C0016,97,95,6524,6918,7320,7660,Rural: Remote,Southeast
C0890,2048,76,6157,6457,6782,7109,City: Large,Mid East
C0189,63277,68,42905,44148,45780,47343,City: Large,Mid East
C0170,19519,98,29852,30754,32172,33358,City: Midsize,New England
C1081,23977,94,33000,34505,36090,37505,City: Large,Mid East
C1483,1670,88,13080,13590,14370,14940,City: Small,Mid East
C0490,15340,72,10525,11305,11525,11950,Rural: Distant,New England
C0955,,95,5937,6084,6193,6353,Rural: Remote,Plains
C0904,5529,100,23002,26182,27622,18500,Suburb: Midsize,Southeast
C0660,1444,99,4644,4876,5316,5640,Town: Remote,Southeast
C0398,24937,100,22980,24050,25000,25990,City: Small,Plains
C0506,523,77,6000,6168,6384,6552,Suburb: Large,Mid East
C0743,17682,100,24895,25885,26905,28055,City: Small,New England
C1272,4460,,,,,,Suburb: Large,Southwest
C0554,14432,96,31380,32865,33920,35085,Suburb: Large,New England
C0430,17845,89,5890,6155,6442,6926,City: Large,Plains
C0552,980404,87,39212,40732,42050,43498,City: Midsize,New England
C1046,40655,99,30604,32416,34328,36310,Town: Distant,Far West
C0428,10922,100,20630,21740,21740,22730,Town: Remote,Plains
C0586,8524,96,7380,7560,7740,8100,Town: Distant,Great Lakes
C0349,5365,100,21700,22546,23290,23970,Town: Distant,Great Lakes
C0199,20145,97,33228,34546,35926,37362,City: Midsize,Southeast
C0504,138661,61,40680,42280,43390,45470,City: Large,Mid East
C0027,33,78,5860,6412,6844,7276,Rural: Fringe,Southeast
C0754,25173,99,26176,27984,28040,29606,City: Small,Mid East
C0238,13894,97,20130,21124,22168,23350,City: Small,Southeast
C0637,11757,83,11808,12486,12785,12815,City: Small,Plains
C1243,12196,97,6780,7390,7904,8312,City: Large,Southeast
C0878,2738,87,6053,6353,6694,7022,City: Large,Mid East
C0603,9934,92,13840,14700,15300,16340,City: Small,Great Lakes
C0079,989,82,4848,6095,6101,6344,City: Large,Far West
C0671,7758,84,7016,6034,6739,7115,City: Midsize,Plains
C1481,40346,100,5364,6060,6783,6866,City: Small,Southeast
C1510,6442,,4464,5706,5706,5706,Suburb: Midsize,Far West
C0183,4470,97,20580,21565,22392,23590,City: Small,Mid East
C1214,2898,92,6951,7424,7320,7617,Town: Distant,Plains
C0525,33993,99,31305,32545,33805,34975,City: Midsize,New England
C0573,18536,99,23845,25025,27108,29200,City: Large,New England
C0833,9214,92,23536,24708,25648,26640,City: Large,Mid East
C0499,6403,98,20180,20180,20180,21020,Suburb: Large,Mid East
C0873,19863,75,7136,7482,7989,8211,Suburb: Large,Mid East
C1151,14432,98,26534,27808,28878,29992,Town: Fringe,Mid East
C0501,3542,83,6904,7128,7436,7728,Suburb: Small,Mid East
C0396,48610,100,33480,34885,36100,37530,Town: Remote,Plains
C0925,43193,100,26200,27770,29186,30562,City: Large,Southeast
C1048,17349,100,22900,23600,24780,24930,City: Midsize,Far West
C1133,9377,94,12678,13048,13300,13550,Suburb: Small,Mid East
C0379,382150,95,31050,32450,33950,35650,Town: Distant,Great Lakes
C0790,26373,100,25482,26736,28022,29410,Town: Fringe,Mid East
C0446,41605,97,8424,8930,9662,9946,City: Large,Southeast
C1156,4440,87,8056,8856,9154,9448,Town: Fringe,Mid East
C1427,2883,35,2076,2268,2496,2712,Suburb: Small,Southeast
C0329,5868,100,24742,25932,26924,27970,Suburb: Large,Great Lakes
C1029,2929,92,4894,5704,6390,6739,Rural: Distant,Southwest
C0317,7292,86,18355,18895,18930,15915,City: Large,Great Lakes
C1092,8400,100,25610,27120,28190,29450,Suburb: Large,Mid East
C0812,657,99,21990,22940,23970,24790,Suburb: Large,Mid East
C1498,9056,97,7380,7560,7740,8100,Suburb: Small,Great Lakes
C0817,417158,58,41280,42640,44350,46080,Rural: Fringe,Mid East
C0599,46375,94,26510,27020,27710,28720,City: Small,Great Lakes
C0772,793,,4883,5322,5508,5700,City: Small,Mid East
C0778,15249,98,5506,5809,6050,6846,City: Large,Southwest
C0524,2744,100,28204,29860,30676,32134,Rural: Fringe,New England
C1180,14636,91,29718,30908,31618,31668,Suburb: Large,New England
C0310,8364,99,23780,24770,25770,26780,Suburb: Large,Great Lakes
C0608,13615,97,12017,12853,13353,13728,Town: Remote,Great Lakes
C1097,60069,100,32820,34090,35780,37170,Town: Distant,Mid East
C0105,3087,,,,,,Suburb: Large,Far West
C0366,7844,80,21214,21956,23164,23628,Town: Distant,Great Lakes
C0646,120923,93,36800,38150,39560,40700,Town: Distant,Plains
C0688,5875,95,8631,9038,9314,9474,Suburb: Large,Plains
C1008,543,90,11132,11472,11664,11904,City: Large,Great Lakes
C0472,1610,95,4461,5049,5557,6207,Town: Remote,Southeast
C0237,409661,100,24620,26090,27650,29090,Suburb: Small,Southeast
C0211,28599,96,5044,5657,6143,6263,City: Midsize,Southeast
C0970,1149,61,15750,16750,17350,17720,Town: Distant,Great Lakes
C0623,3542,90,7497,7858,8107,8124,Town: Remote,Plains
C1091,3868,,,,,,Suburb: Large,Mid East
C1532,20863,,,,,,Town: Distant,Plains
C0191,55408,93,18120,20171,22683,22683,City: Large,Mid East
C0453,539,99,15890,17080,18106,18106,Rural: Distant,Southeast
C0335,7214,96,21733,22572,23513,24435,Suburb: Large,Great Lakes
C0865,1175,94,6218,6542,6874,7294,Town: Remote,Mid East
C0796,704474,100,36650,39150,40250,41400,City: Large,Mid East
C0451,6511,95,7128,7584,8064,8376,Suburb: Large,Southeast
C0107,6673,97,29800,31300,33350,35000,Suburb: Large,Far West
C1037,10978,95,3744,3744,4320,4866,Town: Distant,Southwest
C0052,4174,98,6740,7010,7280,7580,Town: Distant,Southeast
C0307,11061,100,24780,26110,27000,27530,City: Midsize,Great Lakes
C1005,17992,97,20320,21220,22180,23160,City: Small,Great Lakes
C0292,4808,100,24396,25456,26476,27598,Suburb: Large,Great Lakes
C0950,3898,96,4088,4584,4941,5468,City: Midsize,Southeast
C0761,2320421,60,36640,37000,38650,40170,Suburb: Large,Mid East
C0121,44622,91,34100,36290,38320,39810,City: Large,Far West
C0920,,89,16542,17368,18236,18236,City: Large,Southeast
C0866,2677,96,6297,6539,6859,7181,Town: Remote,Mid East
C0086,5387,86,11029,12924,12960,12960,City: Large,Far West
C0518,1150,,,,,,Suburb: Large,Mid East
C1434,12760,100,24980,25640,26390,27830,City: Small,Southeast
C0171,8945,100,26907,27714,28494,29458,City: Small,New England
C0172,4809,95,30750,31750,32750,33740,Suburb: Large,New England
C1078,3974,91,7723,8340,9090,9404,Town: Remote,Mid East
C0799,5346,70,5051,5584,5884,6184,City: Large,Mid East
C0745,1215,70,6435,6810,7065,7065,Town: Fringe,New England
C0513,5455,88,6908,7332,7700,8128,Suburb: Small,Mid East
C0036,11293,91,29428,29552,30420,31034,Rural: Fringe,Southwest
C0502,103891,91,35142,36554,37640,39084,City: Small,Mid East
C0032,192792,100,26360,27110,29810,29810,City: Large,Far West
C0146,,59,8511,9152,9482,10347,City: Small,Rocky Mountains
C1071,2302,89,8312,8912,9379,9239,Suburb: Small,Mid East
C1177,44556,81,39435,40975,42206,43245,City: Midsize,New England
C0657,2037,93,5050,5050,5888,6348,City: Midsize,Southeast
C0200,1851,97,10470,10994,11358,11525,City: Large,Southeast
C1246,149425,95,34580,36464,38092,39794,City: Large,Southeast
C1353,23206,96,18300,19465,20600,21100,Town: Remote,New England
C0075,7161,80,4879,6263,6228,6287,City: Large,Far West
C1096,2713,88,7571,8362,8672,9080,Town: Distant,Mid East
C1150,16442,100,27730,29050,30450,30950,Suburb: Large,Mid East
C0744,51629,98,31575,32540,33775,35204,Suburb: Midsize,New England
C1451,72755,100,27081,28689,30110,31604,Town: Distant,Great Lakes
C1143,9227,100,20197,20888,21705,22455,Suburb: Large,Mid East
C0115,42905,100,30132,31339,32894,33852,City: Large,Far West
C1346,,92,8989,9468,9864,10286,Rural: Distant,New England
C1381,101394,100,30608,32265,33525,34850,Suburb: Large,Southeast
C0662,14482,99,13550,14038,14430,14868,Suburb: Large,Southeast
C0355,16089,98,22220,23010,23830,24660,City: Large,Great Lakes
C0867,1295,91,6405,6780,7090,7200,Town: Remote,Mid East
C0352,19571,99,22330,23210,23780,24040,Town: Distant,Great Lakes
C1298,52574,98,22576,23426,24226,25126,City: Large,Southwest
C0412,22002,92,5528,6032,6579,6579,City: Midsize,Plains
C0526,16957,100,25515,27045,28532,29959,Suburb: Large,New England
C0094,144214,,,,,,Suburb: Large,Far West
C0630,48686,99,33500,35520,37660,39120,Town: Fringe,Plains
C0059,1061,97,6426,6786,7146,7466,Town: Remote,Southeast
C0473,31309,81,14108,14699,9710,9950,City: Large,Southeast
C0257,52890,94,22444,23792,24744,25468,City: Large,Southeast
C0868,1523,90,7672,7768,8262,7149,Town: Distant,Mid East
C0697,6578,93,6255,6555,6750,6863,City: Small,Plains
C0417,10298,99,20712,21716,22238,23650,City: Large,Plains
C0978,51044,100,30250,31710,33180,34480,Suburb: Large,Great Lakes
C0246,1782,97,5562,6030,6180,6438,Town: Fringe,Southeast
C0899,36002,99,34100,35820,37540,39220,City: Large,Mid East
C0382,47002,100,26242,27844,29540,30700,Town: Distant,Plains
C0764,12564,85,12364,12615,12923,13348,City: Small,Mid East
C0438,19906,100,17000,18000,19000,20000,Town: Remote,Southeast
C0391,950232,90,37482,39810,41004,43656,Town: Remote,Plains
C0363,1832,91,6069,6280,6496,6639,Rural: Fringe,Great Lakes
C1449,299,100,12080,12880,13080,13380,Rural: Remote,Great Lakes
C1013,25792,100,25714,26840,27720,28190,Rural: Fringe,Great Lakes
C0122,96659,72,39080,40752,42772,44902,Suburb: Large,Far West
C0686,16139,92,8602,9029,9299,9456,City: Large,Plains
C0123,114135,41,41130,42550,43402,45018,Suburb: Large,Far West
C1168,64784,100,29320,30510,31510,32445,Town: Fringe,Mid East
C0370,1898,66,6181,6336,6494,6624,Suburb: Large,Great Lakes
C0932,6424,75,5138,5440,5873,6107,City: Large,Southeast
C0587,9151,96,7380,7560,7740,8100,Suburb: Large,Great Lakes
C0775,4320,99,3900,4147,4350,4558,Town: Remote,Southwest
C0594,3364,96,9930,9934,10354,10466,Town: Remote,Great Lakes
C0253,1180,90,5042,5340,5522,5818,Suburb: Large,Southeast
C0835,11882,95,17010,17360,17556,17576,Suburb: Large,Mid East
C1310,171461,79,8387,8421,8506,8506,City: Small,Southwest
C0060,11489,96,4918,4250,4462,4528,City: Small,Southeast
C1348,126979,98,35120,36560,37640,38110,Rural: Distant,New England
C0937,5626,69,5322,5672,6199,6343,City: Midsize,Southeast
C0461,2220,96,4428,4886,5273,5950,Town: Distant,Southeast
C0851,47198,95,30717,32037,33258,34424,Suburb: Large,Mid East
C1378,1401,97,6327,6700,6860,7126,City: Midsize,Southeast
C0545,1392761,75,38415,39851,39966,42292,City: Midsize,New England
C0952,7753,82,5393,5608,5718,5846,Town: Remote,Plains
C0797,193396,64,39666,41541,43413,45358,City: Small,Mid East
C0808,2768,61,5077,5607,5907,6207,City: Large,Mid East
C0997,4479,92,6102,6327,7140,7140,Town: Distant,Great Lakes
C0945,4647,98,12580,13226,14414,16480,City: Large,Southeast
C1394,6090,92,6570,7090,7420,7784,Suburb: Large,Southeast
C0593,3155,97,8378,8684,9026,9364,Suburb: Large,Great Lakes
C0894,42,,,,,,City: Small,Mid East
C0511,19251,100,30350,31536,32954,34644,Town: Fringe,Mid East
C1106,14250,99,8472,9062,9590,9804,Suburb: Large,Mid East
C0672,28545,100,22550,22550,22550,23300,Rural: Remote,Plains
C0572,593054,68,39666,40660,42082,43554,Suburb: Large,New England
C0821,34752,96,31800,34150,35950,37400,Suburb: Large,Mid East
C1326,12944,96,10796,11320,11900,12550,Town: Remote,Southwest
C1418,60234,100,22596,23854,24780,25736,Rural: Fringe,Southeast
C0427,26174,100,19000,20150,21200,21200,Rural: Distant,Plains
C0364,33329,100,24920,25950,26746,27920,Town: Distant,Great Lakes
C1327,3232,90,5834,6008,6308,6500,Town: Fringe,Southwest
C1304,10207,100,16456,17080,17800,18640,Town: Fringe,Southwest
C0039,1166,94,26235,27829,28820,29732,City: Small,Southwest
C1087,118460,61,41140,42610,44360,46285,City: Small,Mid East
C1493,8737,96,7380,7560,7740,8100,Suburb: Large,Great Lakes
C0160,,91,4775,5473,6449,7343,Town: Remote,Rocky Mountains
C0061,6604,92,28800,29940,31076,32256,Suburb: Large,Far West
C0098,4399,,,,,,City: Small,Far West
C0676,5977,93,15996,16902,17920,18770,Town: Remote,Plains
C0494,4567,93,8538,8900,7776,8920,City: Small,New England
C0138,107715,67,41022,42818,44463,46298,City: Large,Far West
C0298,367,,,,,,Rural: Fringe,Great Lakes
C0028,37366,96,16750,17870,18900,18900,Town: Distant,Southeast
C0150,10399,73,6895,7952,8649,9313,City: Midsize,Rocky Mountains
C1227,4180,91,18620,19550,20150,21150,Town: Distant,Southeast
C1043,2927,94,6639,7046,7238,7530,Town: Remote,Far West
C0884,2181,91,6186,6510,6841,7181,Town: Distant,Mid East
C0069,2668,81,5314,6682,6709,6775,City: Large,Far West
C0875,10676,90,5941,6269,6593,7033,City: Midsize,Mid East
C0101,306579,75,40390,42410,44442,46509,Suburb: Large,Far West
C1457,5300,89,6973,7282,7648,7676,City: Midsize,Great Lakes
C0996,1846,87,6102,6327,7140,7140,Rural: Fringe,Great Lakes
C1219,17512,99,15135,15435,16205,17014,Town: Remote,Plains
C0408,8865,100,20475,21475,22800,23900,Town: Distant,Plains
C1024,966,85,4482,4703,4957,5241,Town: Remote,Southwest
C1270,66871,98,20990,22460,22560,23460,City: Midsize,Southwest
C1319,12071,92,4900,5124,5250,5250,City: Midsize,Southwest
C1477,2597,69,18405,19305,20055,20595,City: Large,Far West
C1429,1942,87,4544,4918,5442,5932,Suburb: Midsize,Southeast
C0650,16608,100,30168,31640,33176,34744,City: Large,Plains
C0204,21644,85,13860,14510,15340,16180,Suburb: Small,Southeast
C0860,42117,98,26510,29295,30200,31368,Suburb: Large,Mid East
C1517,1670,100,18625,20090,21496,23000,Rural: Distant,Southeast
C1302,5137,86,6998,7344,7928,8412,Rural: Fringe,Southwest
C0740,4033,96,10140,11800,12776,12776,Town: Distant,New England
C1534,,100,10920,10920,10920,10920,Suburb: Large,Southeast
C0903,24393,100,21784,22982,24180,25396,Town: Fringe,Southeast
C0410,34551,100,20700,21700,22600,23500,Town: Distant,Plains
C1294,19187,90,26484,28700,31110,33720,City: Large,Southwest
C1115,55153,99,32177,33446,34484,35518,City: Small,Mid East
C0936,8775,84,23050,24890,25760,26632,City: Small,Southeast
C0186,45507,95,33780,35460,36820,38526,City: Large,Mid East
C1075,29301,100,29188,30312,31532,32454,City: Large,Mid East
C1282,5901,99,21980,23590,24540,25740,City: Small,Southwest
C0108,,22,9210,9220,10105,10105,City: Large,Far West
C0969,34212,83,10065,10419,10784,10784,City: Large,Great Lakes
C0141,38487,94,35582,36992,38640,40296,Suburb: Large,Far West
C0624,64663,100,21080,22410,23270,24080,City: Small,Plains
C0131,4276,60,5370,6828,6852,7343,City: Large,Far West
C1266,22938,100,29530,31150,31070,33110,City: Midsize,Southwest
C0384,61730,100,30860,32380,34220,35730,City: Midsize,Plains
C0811,3367,100,21460,22310,23130,24090,Suburb: Large,Mid East
C0705,4257,90,5242,5470,5711,5745,City: Midsize,Rocky Mountains
C1311,3706,79,8500,8878,8878,8878,City: Large,Southwest
C0577,31112,100,28940,30055,30955,31880,City: Large,New England
C0047,2252,95,4804,5070,5286,5598,Town: Remote,Southeast
C0091,29744,87,38524,40234,42084,43573,City: Midsize,Far West
C1336,689,74,4288,4584,4786,5086,City: Small,Rocky Mountains
C0964,9758,96,9704,10164,10514,10726,Town: Fringe,Great Lakes
C1522,,50,,,,9065,City: Large,Plains
C1513,9057,94,7380,7560,7740,8100,Suburb: Large,Great Lakes
C0917,19158,100,24070,24970,25600,26306,City: Large,Southeast
C0782,5247,97,3812,4030,4314,4723,Town: Remote,Southwest
C1124,10289,93,12596,12966,13230,13486,Suburb: Large,Mid East
C0648,13459,100,28374,29506,30398,31612,City: Small,Plains
C0053,118930,100,32040,34230,36200,37816,City: Small,Southeast
C1014,46513,99,35424,36434,38030,38030,City: Small,Great Lakes
C0858,28754,97,22410,23720,25110,26340,Suburb: Large,Mid East
C0739,16309,84,13672,15250,16422,16496,Suburb: Small,New England
C0002,24136,90,5806,6264,6798,7206,City: Midsize,Southeast
C0892,63758,,,,,,City: Large,Mid East
C0692,6392,91,8898,9290,9788,10600,Suburb: Large,Plains
C0367,,96,13520,13520,14180,11960,City: Large,Great Lakes
C0440,30992,98,27640,29300,30770,32310,Town: Fringe,Southeast
C1064,19292,99,28000,29000,30150,31250,Rural: Fringe,Mid East
C0915,3374,96,3476,4109,4324,4605,City: Midsize,Southeast
C1206,13185,90,9786,10168,10488,10816,City: Midsize,Southeast
C0290,429800,67,42041,43780,45609,47514,City: Large,Great Lakes
C0471,3373,96,4636,5101,5443,6318,City: Small,Southeast
C0464,5688,94,4125,4494,4943,5606,City: Midsize,Southeast
C0254,55914,99,22208,23272,24462,25690,Town: Distant,Southeast
C1040,4132,95,4335,4800,5175,5460,Town: Remote,Southwest
C0448,19224,100,19050,19950,20850,22150,Rural: Distant,Southeast
C0853,9469,98,27850,28000,28000,28000,City: Small,Mid East
C0266,1213,91,5180,5500,5627,5732,City: Small,Southeast
C0954,12374,100,13024,13424,13876,14730,Rural: Fringe,Plains
C1262,67958,96,29884,31658,33716,35972,City: Midsize,Southwest
C0750,78215,97,39873,41304,42920,44068,Suburb: Large,Mid East
C0063,1157,,,,,,City: Large,Far West
C1419,818,95,4596,4908,5180,5564,Town: Remote,Southeast
C0198,1742,100,15440,16315,16715,17125,City: Midsize,Southeast
C0916,13056,100,22410,23510,24450,25830,Town: Distant,Southeast
C1148,8916,99,22500,23720,25190,26170,City: Large,Mid East
C1242,54942,100,29473,29924,30522,31132,Suburb: Large,Southeast
C0057,15423,100,9450,11910,12464,12564,City: Midsize,Southeast
C0176,1343,81,8050,8248,8570,9020,City: Midsize,New England
C0224,9188,98,5198,5800,6334,6410,City: Large,Southeast
C0505,33559,81,39350,40870,42430,43250,City: Large,Mid East
C0678,2946,94,6175,6478,6725,6838,City: Small,Plains
C0077,825,75,5091,6414,6309,6550,City: Midsize,Far West
C0625,6617,100,28080,29460,30840,31760,Suburb: Large,Plains
C0043,79323,100,21324,22906,23594,23594,Town: Remote,Southeast
C0765,12376,76,12559,12754,13073,13499,City: Small,Mid East
C1248,9011,99,17712,18324,19124,19790,Suburb: Large,Southeast
C1395,15608,99,14630,14630,14630,15130,City: Midsize,Southeast
C0236,18051,98,17954,18912,19830,21100,City: Large,Southeast
C0004,11502,87,7492,8094,8794,9192,City: Midsize,Southeast
C0407,12531,100,22280,23390,24550,25580,Town: Fringe,Plains
C1107,1904,91,7540,8239,8564,8899,Town: Distant,Mid East
C0856,104324,95,41155,42735,44400,46040,Town: Remote,Mid East
C0481,133908,43,41360,42800,44300,45650,City: Small,New England
C1356,,94,11005,12084,12024,12494,Rural: Remote,New England
C1383,479753,63,41610,43170,44210,45320,City: Midsize,Southeast
C0828,7258,96,30210,31646,32862,34070,Suburb: Large,Mid East
C0190,83669,53,40203,41393,42870,44805,City: Large,Mid East
C0252,2069,94,8736,9472,9842,10262,City: Midsize,Southeast
C0218,6018,94,4909,5627,6235,6353,City: Large,Southeast
C0476,4688,58,3360,3906,4372,4911,City: Large,Southeast
C1360,38588,100,25500,26750,28000,29090,Suburb: Small,Southeast
C0458,945,93,7560,8084,8472,8722,City: Small,Southeast
C0087,15714,62,11306,13200,13217,13271,City: Large,Far West
C1197,198459,86,38088,39560,41532,43164,Suburb: Large,Southeast
C1202,8936,100,12820,13396,13936,14772,Rural: Fringe,Southeast
C0082,36917,69,10940,12834,12874,12864,City: Midsize,Far West
C1492,2505435,100,26202,27226,28146,29144,Suburb: Large,Far West
C0507,6274,77,9171,9467,9764,10068,Suburb: Large,Mid East
C0585,14687,99,23206,24286,25250,26460,City: Midsize,Great Lakes
C1338,5890,82,4311,4548,4768,4990,City: Small,Rocky Mountains
C0777,16052,96,4941,5301,5496,5714,Town: Remote,Southwest
C0538,31821,99,30765,32300,33650,34670,City: Large,New England
C0724,8271,87,7224,7563,7984,8060,City: Large,Plains
C0579,99061,98,38700,40030,41380,42778,City: Midsize,New England
C1489,7620,95,7380,7560,7740,8100,Suburb: Small,Great Lakes
C0536,10706,100,23772,25300,26884,27922,Suburb: Large,New England
C0463,16082,93,5764,6354,6989,7873,Rural: Fringe,Southeast
C0869,771,68,6093,6444,6793,7125,Suburb: Large,Mid East
C1245,19028,98,23520,25260,26760,27916,Suburb: Midsize,Southeast
C0974,305000,100,38220,40210,42280,43910,Suburb: Small,Great Lakes
C1162,77155,100,40120,41820,43270,44530,Suburb: Large,Mid East
C0559,4700,97,7575,8075,8525,8525,Town: Fringe,New England
C0725,4472,92,5252,5648,6008,6188,Rural: Distant,Plains
C1442,5260,99,19640,20230,21242,22950,Rural: Fringe,Great Lakes
C0615,27624,99,16390,17526,17950,18454,Suburb: Large,Great Lakes
C1459,16388,100,21960,22830,23620,24770,City: Large,Great Lakes
C1505,,99,10700,10700,10700,10700,Suburb: Large,Great Lakes
C1119,9991,83,13250,13636,13900,14240,Suburb: Midsize,Mid East
C1470,1215932,66,40172,41564,42225,43683,Suburb: Large,Far West
C0912,5852,73,4797,5364,5869,6143,City: Small,Southeast
C0318,33860,99,28224,29733,31071,32613,City: Midsize,Great Lakes
C1181,21272,92,31450,32800,33950,34950,Suburb: Large,New England
C0699,417948,55,40369,41992,43705,44841,Suburb: Large,Plains
C0457,19422,100,19015,20079,21025,22000,Town: Remote,Southeast
C0375,87994,98,31020,32000,33280,34600,Suburb: Large,Great Lakes
C1287,3907,89,7306,7989,8357,8745,City: Midsize,Southwest
C1330,26362,78,4330,4450,4630,4770,Town: Fringe,Far West
C0825,6276,100,24010,25235,26505,27465,Town: Distant,Mid East
C0748,3643,98,25602,26890,27890,29000,Suburb: Large,Mid East
C0622,10458,99,28864,30418,31942,33209,City: Large,Plains
C0288,49328,99,25424,26704,28284,29664,City: Midsize,Great Lakes
C0742,2123,89,9906,11518,12560,12610,Town: Remote,New England
C0959,4742,99,6076,6197,6334,6516,Town: Remote,Plains
C0037,4163,83,7672,8826,9272,9738,City: Small,Southwest
C0609,4275,89,9420,9788,10250,10614,City: Small,Great Lakes
C0665,5069,96,5452,5834,6336,6744,City: Small,Southeast
C1290,1755,89,5109,5352,5488,5372,City: Midsize,Southwest
C0883,6137,79,6231,6559,6896,7230,Town: Remote,Mid East
C0008,10736,90,6620,7580,8150,8750,City: Midsize,Southeast
C1195,60083,100,26775,28460,29790,31580,Rural: Distant,Southeast
C0143,233,92,4971,5627,6448,7449,Town: Remote,Rocky Mountains
C0566,462144,73,38898,40070,41460,43114,Suburb: Large,New England
C0216,48576,75,37836,39654,41220,42852,Suburb: Large,Southeast
C0441,6393,89,5520,5808,6096,6276,Town: Distant,Southeast
C0392,20907,88,6997,7486,7726,7726,City: Small,Plains
C0099,3713,99,23904,24790,25336,25716,City: Large,Far West
C0127,5770,62,5206,6578,6578,6766,City: Large,Far West
C1472,46,96,12240,13200,15020,15840,City: Midsize,Southeast
C1437,2498,100,22750,23330,24330,25450,Suburb: Large,Great Lakes
C0275,1992,79,8095,9100,9404,9904,City: Large,Far West
C0784,20248,96,27900,28460,29320,30800,Suburb: Large,Mid East
C0163,4351,84,7861,8055,8321,8706,Suburb: Large,New England
C0700,8984,97,21748,22400,23070,23760,Suburb: Large,Plains
C0651,776,95,7244,7743,8074,8074,Town: Remote,Plains
C0793,415,95,16720,16720,17230,17530,City: Large,Mid East
C0893,991,84,14050,14550,14850,15250,City: Large,Mid East
C0827,5940,97,30162,31606,32818,34120,City: Large,Mid East
C1023,2077,76,4456,4718,5092,5437,Suburb: Large,Southwest
C0647,6510,96,20870,21470,22100,22430,Rural: Fringe,Plains
C1135,11209,92,12730,13102,13356,13464,Suburb: Large,Mid East
C0333,6447,88,10468,11038,11528,12093,City: Small,Great Lakes
C1496,43,100,12866,13200,15020,15840,City: Midsize,Southeast
C1471,55060,66,9070,9478,9900,9992,Suburb: Midsize,Great Lakes
C0987,60126,95,24800,25700,26650,27380,Town: Fringe,Great Lakes
C0055,54781,99,19820,20630,21440,22370,Town: Distant,Southeast
C0336,27947,100,23370,24610,25840,26830,Suburb: Large,Great Lakes
C0956,5036,91,5637,5763,5920,6086,Town: Remote,Plains
C1441,14991,100,21988,22850,23740,24666,City: Midsize,Great Lakes
C0167,2472,82,8350,8555,8911,9376,Town: Fringe,New England
C0315,47043,100,27525,28612,28612,28644,City: Small,Great Lakes
C1433,15289,89,5406,5674,6090,6456,City: Small,Southeast
C1183,15079,100,19950,20910,21730,22790,City: Small,Southeast
C1334,,100,14867,15858,16795,16972,City: Small,Rocky Mountains
C0541,2349,90,7800,8300,8710,8985,Suburb: Midsize,New England
C1103,292362,63,39815,41358,42980,44670,Suburb: Large,Mid East
C1141,357306,62,40514,42098,43738,45890,City: Large,Mid East
C1217,18673,99,19932,20656,22130,22892,Town: Remote,Plains
C1051,24288,68,8190,8789,9310,9763,City: Midsize,Far West
C0031,2108,79,5130,5380,5740,5693,Town: Remote,Far West
C0571,130838,44,41598,42962,44666,46598,Suburb: Large,New England
C0368,545295,69,39919,41417,42971,44605,Suburb: Large,Great Lakes
C0449,5148,99,6492,6942,7284,7498,Town: Remote,Southeast
C1361,84573,53,12188,13132,13570,15463,Suburb: Small,Southeast
C0168,57869,89,39040,40580,41690,42920,Suburb: Large,New England
C0128,46387,76,37372,38582,39970,41392,City: Large,Far West
C0801,17183,79,4929,5459,5759,6089,City: Large,Mid East
C0381,48494,98,26306,27226,28314,29448,Town: Remote,Plains
C0804,483,77,4929,5459,5759,6059,City: Large,Mid East
C0351,1504,100,20700,22900,23900,25450,Suburb: Large,Great Lakes
C0090,4413,68,5294,6536,6536,6536,City: Midsize,Far West
C0885,4926,91,6183,6506,6842,7174,Town: Remote,Mid East
C0460,44901,99,13880,14770,14770,16094,City: Large,Southeast
C0142,10517,79,29132,29994,31444,33150,City: Large,Far West
C1277,13531,97,12430,12430,13054,13494,City: Large,Southwest
C0256,24270,100,30560,31548,32466,33120,City: Small,Southeast
C0578,888422,65,41434,43190,44920,46600,Town: Fringe,New England
C0510,3328,95,6727,6928,7012,7218,City: Large,Mid East
C0982,27395,100,25674,26550,27368,27368,Suburb: Large,Great Lakes
C1461,1288,83,6619,6930,7287,7316,Suburb: Midsize,Great Lakes
C1425,8586,94,5285,5648,5930,6216,City: Small,Southeast
C0564,34745,97,32230,33356,34350,35380,City: Large,New England
C0663,20934,93,5461,5805,6264,6772,Town: Remote,Southeast
C0297,22303,100,18045,18750,19480,20060,Town: Fringe,Great Lakes
C1303,4699,75,6458,7264,7732,8060,Suburb: Small,Southwest
C1456,4356,82,7360,8019,8685,8710,City: Small,Great Lakes
C0013,41486,100,20990,21990,22500,23500,City: Midsize,Southeast
C1518,,98,19500,22500,23900,23900,City: Small,Mid East
C0918,34506,99,28800,30430,31380,32470,City: Large,Southeast
C0843,22001,98,25650,26400,27230,28200,Suburb: Large,Mid East
C1044,5850,99,27970,29380,30230,31120,Town: Fringe,Far West
C0350,120946,100,27500,28850,30268,31760,Town: Distant,Great Lakes
C0563,2122,88,7230,7670,8050,8130,Suburb: Large,New England
C0921,24342,100,22414,22564,23950,24150,Rural: Distant,Southeast
C0901,180152,84,33050,35200,36500,37600,City: Large,Mid East
C0998,1621,100,6102,6327,7140,7140,Suburb: Small,Great Lakes
C0732,126,59,2243,2513,2700,2700,Town: Remote,Far West
C1221,16655,100,21890,22850,23740,24550,City: Midsize,Plains
C0022,60561,98,21942,23963,25150,26328,Suburb: Large,Southeast
C0305,28531,100,32443,35125,37969,40117,City: Large,Great Lakes
C0519,16880,99,22090,23636,25310,27082,Rural: Fringe,Mid East
C0926,8641,99,24148,25550,27070,27830,City: Midsize,Southeast
C0076,1476,66,4858,6120,6195,6186,Suburb: Large,Far West
C1052,17445,99,31702,33612,35260,37024,Suburb: Large,Far West
C1495,8164,94,7380,7560,7740,8100,Rural: Fringe,Great Lakes
C1339,22021,96,25980,27182,28210,29500,City: Midsize,Rocky Mountains
C0223,1241,81,2822,2988,3172,3232,City: Small,Southeast
C0330,2896,100,25520,27060,28110,28970,City: Large,Great Lakes
C1228,27524,100,20562,21778,22652,23696,Suburb: Small,Southeast
C0514,14712,72,13630,14445,14773,14864,Suburb: Small,Mid East
C0675,12189,92,20380,21220,21220,22684,Suburb: Large,Plains
C0247,77288,72,8716,9652,10098,10650,City: Large,Southeast
C0468,2199,95,3987,4383,5088,5701,City: Small,Southeast
C0015,44004,100,13900,14460,15100,15630,Rural: Remote,Southeast
C1054,29069,97,33538,35740,37404,38670,City: Large,Far West
C0701,43586,100,19760,20570,20850,21680,Town: Distant,Plains
C1367,2229,66,8684,9266,9620,9908,Suburb: Large,Southeast
C0928,9058,100,15500,16300,16800,17300,Town: Fringe,Southeast
C0857,7914,99,24138,25464,26622,27684,City: Small,Mid East
C0560,23979,77,37142,38602,40086,41686,City: Large,New England
C1220,9087,92,6444,6887,7404,7713,Town: Remote,Plains
C0606,185879,63,11837,12634,12994,13142,City: Midsize,Great Lakes
C1204,157,97,8424,8750,9024,9308,Suburb: Large,Southeast
C0295,4361,93,9987,10534,10930,11144,Town: Remote,Great Lakes
C0787,99262,49,40546,42184,43502,44790,City: Large,Mid East
C0760,7963,87,13370,13974,14740,15218,City: Large,Mid East
C0182,55964,82,10208,11192,11682,12112,Suburb: Large,Mid East
C0666,10712,94,9718,10218,10218,10227,City: Midsize,Southeast
C0229,4235,99,15980,16660,17480,18430,Rural: Fringe,Southeast
C0685,22448,84,8501,8989,9257,9415,City: Midsize,Plains
C1308,2018,95,6346,6640,6940,6940,Town: Distant,Southwest
C1306,7398,94,4568,4764,4764,5436,Town: Remote,Southwest
C0388,40904,94,21590,22620,24530,25520,City: Small,Plains
C1070,16867,99,32084,33176,29000,29000,Suburb: Large,Mid East
C1039,2447,93,10700,12350,14025,14220,Suburb: Large,Southwest
C0465,23979,96,13030,13380,13780,14120,Suburb: Small,Southeast
C0935,25201,71,6529,7018,7788,8206,City: Large,Southeast
C0569,66806,92,32620,33920,35110,36160,Suburb: Large,New England
C1053,3352,76,7130,7764,7653,7878,City: Large,Far West
C0021,5665,94,14250,14678,15414,16234,City: Midsize,Southeast
C0222,2998,94,18150,18870,19370,19920,Suburb: Small,Southeast
C0302,21391,65,13096,13838,14522,14750,City: Small,Great Lakes
C1241,12085,97,19518,20582,21368,22272,Town: Distant,Southeast
C1405,4681,99,23004,23400,24706,25934,Suburb: Large,Far West
C0418,16992,83,7376,7657,8047,8585,City: Small,Plains
C1403,12771,100,13510,15550,16515,17744,Rural: Fringe,Far West
C0691,248374,100,17310,18030,18330,18330,Town: Distant,Plains
C0818,40691,100,34630,36040,37460,38930,Town: Remote,Mid East
C0062,17473,96,28852,29908,31004,32142,Suburb: Large,Far West
C0284,2580,71,3660,3811,3770,3850,Town: Distant,Rocky Mountains
C1389,8422,90,24642,24642,24642,24642,City: Small,Southeast
C0001,,97,5800,6828,7182,7182,City: Midsize,Southeast
C1333,,96,27350,14100,15957,16100,Suburb: Large,Rocky Mountains
C0293,17773,95,28858,30618,32295,33990,City: Large,Great Lakes
C1504,4807,81,4991,5532,6068,6118,Suburb: Large,Southeast
C0770,37693,98,39816,41782,43196,44490,Suburb: Large,Mid East
C0583,74030,100,27580,29230,30960,32660,Town: Distant,Great Lakes
C1455,1554,80,6836,7195,7528,7578,Town: Distant,Great Lakes
C1194,52827,98,26138,27320,28276,29124,City: Small,Southeast
C1154,25724,95,34536,35992,37456,38754,City: Small,Mid East
C0785,38886,100,25976,26884,27794,25430,Town: Remote,Mid East
C0919,10066,73,,,,30715,City: Midsize,Southeast
C0205,20266,94,12350,13180,13820,14490,Suburb: Large,Southeast
C1060,2245,88,7410,8076,8529,8634,Town: Fringe,Far West
C0483,332477,47,41380,42820,44320,45760,Town: Remote,New England
C0372,8224,100,22810,23950,24440,25180,City: Large,Great Lakes
C0616,6705,94,7308,7815,8120,8423,Rural: Fringe,Great Lakes
C1067,2402,84,7456,8082,8344,8582,City: Small,Mid East
C0064,2304,95,24654,25808,26900,28122,City: Large,Far West
C0861,110095,57,41184,42380,44170,45874,Suburb: Small,Mid East
C1213,33083,100,25104,26590,27780,28630,City: Midsize,Plains
C1380,4317,75,7694,8320,8590,8976,City: Small,Southeast
C1515,4446,,,,,,Town: Distant,Plains
C0065,872856,73,36282,37704,39588,41538,City: Midsize,Far West
C1509,27520,,,,,,Town: Distant,New England
C0231,4664,91,4154,4701,6238,6357,City: Small,Southeast
C0489,27762,93,10142,10588,10594,10600,Suburb: Small,New England
C1421,7495,98,4974,5446,5716,6160,Town: Remote,Southeast
C1016,7190,88,7518,7800,8354,8542,Suburb: Large,Great Lakes
C0201,10039,92,29728,29852,30720,31334,City: Small,Southeast
C1244,3501,99,6298,6754,7210,7546,City: Midsize,Southeast
C1497,3085,78,4721,5963,5963,5963,Suburb: Midsize,Far West
C0703,11097,100,18000,19000,19850,20650,Town: Distant,Plains
C1260,21480,93,5672,6211,6327,6559,City: Small,Southwest
C1101,3583,91,22476,23160,24058,24778,Suburb: Large,Mid East
C0316,69676,100,26900,28650,30450,31500,Town: Remote,Great Lakes
C0938,50855,100,25258,25886,23900,23900,City: Large,Southeast
C0100,24825,,,,14160,14400,City: Large,Far West
C1073,75155,70,42136,44010,45760,47642,City: Large,Mid East
C0604,985,99,17180,18020,18900,19850,City: Large,Great Lakes
C1293,729227,75,33771,35551,37292,38941,City: Large,Southwest
C1329,30954,67,4420,4560,4710,4850,City: Midsize,Rocky Mountains
C0111,48767,90,36622,37825,39125,40265,City: Large,Far West
C0050,3390,99,10760,11610,12530,13350,City: Small,Southeast
C0260,,99,11794,12502,12502,13332,City: Midsize,Southeast
C1192,4647,93,17395,18065,18745,18930,City: Midsize,Southeast
C0717,91376,100,22170,23590,25080,26180,Town: Distant,Plains
C0270,2747,92,5406,5697,5792,5889,City: Small,Southeast
C1000,16736,79,9603,9936,10282,10446,Town: Distant,Great Lakes
C1233,31203,98,18358,19462,20002,20449,City: Large,Southeast
C1430,3871,97,4880,5266,5530,6226,Rural: Fringe,Southeast
C1035,2534,88,4513,4777,5047,5349,Town: Fringe,Southwest
C0498,1371,90,6154,6347,6639,6971,Suburb: Large,Mid East
C1398,1546,85,7110,7827,8925,8976,Town: Distant,Far West
C0212,11979,99,26600,27900,29100,29900,City: Large,Southeast
C0687,23753,97,8528,9084,9350,9510,Town: Remote,Plains
C0649,37771,97,30493,32073,33787,35308,City: Large,Plains
C0710,3270,88,5480,5480,5480,5480,Town: Remote,Rocky Mountains
C1114,11268,100,24990,25990,27230,28210,Suburb: Large,Mid East
C0308,70137,98,33024,34464,36492,38952,Town: Remote,Great Lakes
C0721,7362,100,23664,24810,25994,27146,Town: Distant,Plains
C1526,3609,98,4615,5200,5716,5820,City: Midsize,Southeast
C1068,458469,79,39360,40824,42246,43900,Suburb: Large,Mid East
C0067,10629,50,6480,7911,8043,8724,Suburb: Small,Far West
C1265,8514,95,18690,19900,21110,22350,City: Large,Southwest
C0631,19020,100,30489,31994,33752,35108,City: Large,Plains
C1126,8421,83,13250,13636,13900,14240,City: Small,Mid East
C1250,9533,96,6062,6718,7212,7554,City: Midsize,Southeast
C0156,6936,63,25100,26360,27670,28790,City: Small,Rocky Mountains
C1094,5620,100,23520,24640,25590,27100,City: Large,Mid East
C0194,12507,99,13452,13990,14410,14410,City: Small,Southeast
C0839,21791,100,26334,27422,28330,29624,Suburb: Large,Mid East
C0741,1799,88,11226,12640,13757,13762,City: Midsize,New England
C1171,127590,95,28220,29340,29360,29370,City: Small,Mid East
C1165,85834,100,34610,36420,38310,39710,Suburb: Large,Mid East
C0613,3707,92,9285,9938,10230,10613,Suburb: Large,Great Lakes
C0667,2958,92,10350,10350,10350,10800,City: Small,Southeast
C0870,479,94,6522,7520,8277,7412,Rural: Distant,Mid East
C0831,4845,99,34350,35370,35370,35370,Suburb: Large,Mid East
C0832,8436,88,27740,28890,30090,31290,Suburb: Large,Mid East
C0035,15972,83,8237,10035,10035,10391,City: Large,Southwest
C1350,43490,100,28738,30194,31782,33371,Town: Distant,New England
C0734,23226,99,32640,34110,35810,37300,Rural: Distant,New England
C0567,16906,99,28585,30660,31690,32560,City: Midsize,New England
C0769,17060,99,26887,28221,29907,31095,Suburb: Large,Mid East
C0979,,88,5110,5288,5472,5554,Rural: Fringe,Great Lakes
C1320,3953,84,6718,7042,7389,7457,City: Large,Southwest
C0820,73420,81,41710,42915,44438,46165,Town: Distant,Mid East
C0570,19361,80,28526,29894,30792,31716,City: Large,New England
C0010,37598,98,27890,29290,30690,30690,City: Midsize,Southeast
C0478,81125,79,41884,43434,45240,46930,City: Large,Southeast
C0373,21160,100,25260,26330,27350,27350,Town: Distant,Great Lakes
C0533,4666,33,13240,13240,13240,13392,City: Midsize,New England
C0232,281391,100,31283,32195,33461,34788,Suburb: Large,Southeast
C0661,838,96,4831,5307,5703,5916,Town: Remote,Southeast
C0045,681,96,5033,5435,5724,5938,City: Small,Southeast
C1271,36525,100,23180,25445,26795,27930,City: Large,Southwest
C0549,4819,90,10506,11297,11847,12097,Suburb: Large,New England
C0007,854,,,,,,Town: Fringe,Southeast
C0378,42568,92,29582,31040,32250,33480,Suburb: Large,Great Lakes
C0880,4444,87,6333,6688,7058,7400,Town: Distant,Mid East
C0993,11865,100,25280,26790,28104,28932,City: Large,Great Lakes
C0762,2215,78,11874,12758,13144,13388,Suburb: Large,Mid East
C0263,1037,99,5624,6032,5290,5415,City: Midsize,Southeast
C1379,8279,82,7470,7890,8190,8550,City: Midsize,Southeast
C0882,2054,73,6135,6458,6758,7083,Suburb: Large,Mid East
C0241,6514,93,4996,5457,5357,5514,City: Midsize,Southeast
C0601,7292,97,8764,9364,9640,9960,Town: Remote,Great Lakes
C0437,171292,97,32600,34000,35000,36020,Town: Distant,Southeast
C0073,2401,63,5620,6890,6890,6972,City: Small,Far West
C0568,5411,90,10389,11135,11681,11681,Suburb: Midsize,New England
C0369,3256,100,15990,16640,18600,19200,Town: Distant,Great Lakes
C1528,,,,,,,Town: Remote,Southeast
C1523,,100,7980,8100,8160,8160,City: Small,Southeast
C0877,1042,87,6176,6508,6881,7222,Town: Fringe,Mid East
C0402,37468,100,23910,24920,25970,26740,City: Midsize,Plains
C0638,6067,93,11532,12091,12549,12584,Town: Remote,Plains
C1488,12538,83,8689,10343,11902,11902,City: Midsize,Far West
C0639,1655,86,6924,7378,7834,7816,Suburb: Midsize,Plains
C1283,7821,99,16180,16870,17760,18740,City: Midsize,Southwest
C1301,180164,100,31630,33440,34410,35240,Suburb: Large,Southwest
C1288,11538,97,21900,22756,23420,23938,City: Large,Southwest
C0480,116238,100,34380,36063,37701,38952,Town: Remote,New England
C0442,47948,100,18180,19515,20365,21200,City: Small,Southeast
C0357,3542,92,7714,7982,8098,8256,City: Small,Great Lakes
C0556,9579,98,24500,25915,26909,29377,City: Small,New England
C0174,20869,95,31440,32724,34030,35050,Suburb: Large,New England
C1158,53589,98,34070,35860,37280,38780,Town: Distant,Mid East
C0041,7674,94,6643,6937,6854,7094,City: Midsize,Southeast
C0881,3910,59,6401,6758,7068,7430,Town: Distant,Mid East
C1462,5158,87,8099,8542,8944,8968,Town: Distant,Great Lakes
C0203,7678,87,3835,4264,4789,4790,City: Small,Southeast
C0434,623784,100,910,910,21880,23170,Town: Distant,Southeast
C0988,7108,100,21330,22080,22890,23690,Town: Distant,Great Lakes
C1098,4096,98,19020,19620,20400,21300,Suburb: Large,Mid East
C0834,476,92,20570,21598,22678,23812,City: Large,Mid East
C0104,129,73,10134,10620,11160,11277,City: Large,Far West
C0924,27581,99,21997,23318,24536,25636,Suburb: Large,Southeast
C0151,,95,15024,15790,16154,17211,City: Large,Rocky Mountains
C0197,2587,96,5021,5584,6247,6317,Suburb: Large,Southeast
C1084,6938,100,24600,25850,27174,28090,Suburb: Large,Mid East
C0562,19818,77,21400,22042,23744,24930,Suburb: Large,New England
C0416,52414,79,8733,9222,9678,10107,City: Small,Plains
C0084,8945,77,11232,13122,13122,13149,City: Midsize,Far West
C0931,80248,68,6665,7009,7693,8340,City: Small,Southeast
C1404,21524,100,20370,22260,23900,27042,City: Midsize,Far West
C0635,48052,77,12288,13022,13459,13555,City: Large,Plains
C0897,6923,99,28620,29996,31930,33320,City: Small,Mid East
C0891,49259,74,36302,37668,39004,40458,City: Midsize,Mid East
C0395,15625,100,26275,27258,28141,28852,City: Small,Plains
C0371,973,82,6704,6872,7045,7186,Rural: Fringe,Great Lakes
C0923,1610,98,14358,15408,15408,16024,Suburb: Midsize,Southeast
C0012,5494,99,14810,15880,17380,18230,City: Midsize,Southeast
C0331,3068,96,8101,8581,8952,9178,City: Midsize,Great Lakes
C0708,8171,87,6168,6428,6705,6752,Town: Remote,Rocky Mountains
C1083,2435,83,7778,8351,8758,8991,City: Small,Mid East
C0509,5200,93,6305,6482,6713,6998,Town: Fringe,Mid East
C0313,15519,100,19310,20400,21400,22400,Town: Distant,Great Lakes
C0738,1025,94,26442,27234,28050,28884,City: Midsize,New England
C0962,33733,100,25260,26396,27060,27840,Suburb: Large,Great Lakes
C0406,4240,100,20234,21720,23210,23210,Town: Remote,Plains
C0914,27116,68,26827,27881,28980,30149,Suburb: Midsize,Southeast
C1370,174079,100,29485,30795,32075,33320,Suburb: Midsize,Southeast
C0359,1979,86,6290,6507,6728,6816,City: Midsize,Great Lakes
C0444,9542,100,15176,15150,16778,17418,Town: Distant,Southeast
C1170,9646,96,27178,28210,29326,30350,City: Small,Mid East
C0854,24874,99,26895,27890,28727,29589,Town: Remote,Mid East
C0783,1722,94,17500,18400,19460,20450,City: Large,Mid East
C0773,3480,83,13293,13887,14378,14730,Suburb: Large,Mid East
C1210,8945,99,10780,10780,10780,10780,Rural: Fringe,Southeast
C0469,2521,90,4759,5214,5850,6578,City: Large,Southeast
C0902,4526,67,5251,5538,6059,6462,Town: Distant,Southeast
C1508,14995,99,24429,25407,26412,27456,City: Large,Rocky Mountains
C0482,574151,50,41565,42816,44118,45446,Town: Fringe,New England
C1159,1034611,59,39600,41150,43080,44718,Suburb: Large,Mid East
C1274,5131,96,5604,5830,6116,6248,City: Small,Southwest
C0644,79129,100,31576,33606,35486,37162,Rural: Fringe,Plains
C0655,24141,97,8920,9130,9230,9470,Rural: Distant,Southeast
C0534,96250,89,36420,37350,38450,39550,City: Midsize,New England
C0634,390,84,5923,6341,6642,6642,City: Large,Plains
C0113,111600,100,37485,39264,40080,41494,City: Large,Far West
C0462,8162,92,3816,4402,4618,5337,Rural: Fringe,Southeast
C1478,5504,,,,,,Town: Fringe,Great Lakes
C1031,55848,99,18608,19756,20796,21842,Town: Distant,Southwest
C0389,26227,100,20980,21790,22680,23530,Rural: Remote,Plains
C0704,26941,100,23594,25198,26554,27914,Town: Remote,Rocky Mountains
C0025,19434,100,14464,15062,15665,15901,City: Small,Southeast
C0255,,92,8580,8815,9057,7947,City: Small,Southeast
C1149,5875,100,21550,23038,24064,25114,Suburb: Large,Mid East
C1095,4218,100,27870,28850,29000,30740,Suburb: Large,Mid East
C0081,1303,79,5195,6573,6620,6628,City: Large,Far West
C0600,132984,100,34417,35920,37810,39450,City: Small,Great Lakes
C0153,1710,91,4924,5592,6462,6923,Town: Remote,Rocky Mountains
C0737,5433,95,29054,30400,31744,33000,Rural: Distant,New England
C0588,27736,100,24870,25565,26705,28250,City: Midsize,Great Lakes
C0689,5971,99,6692,7008,7216,7368,Town: Remote,Plains
C0531,109992,65,40289,41860,44294,45856,City: Small,New England
C1247,190019,77,35862,32292,34714,35756,Rural: Distant,Southeast
C0652,2081,88,8200,8540,8710,8730,Town: Distant,Plains
C0285,50005,99,32235,33363,34614,35835,City: Small,Great Lakes
C1110,13657,100,27150,28175,29380,30690,City: Small,Mid East
C0824,34570,92,33630,35278,37000,38400,Suburb: Small,Mid East
C0136,4095,62,5508,6862,7162,7234,Suburb: Large,Far West
C0301,2168,96,23240,23184,24137,25516,Suburb: Large,Great Lakes
C0862,10819,96,17565,18425,20125,21878,City: Large,Mid East
C1300,4772,99,14830,15730,16630,17830,Suburb: Large,Southwest
C0006,19469,75,7900,8600,9200,9450,City: Small,Southeast
C1485,2060,99,11420,11780,12260,12740,Suburb: Large,Southeast
C1307,3803,86,5195,5281,5522,5856,Town: Remote,Southwest
C0798,9000,70,4970,5550,5910,6210,City: Large,Mid East
C0709,10021,89,5476,5722,5985,6045,City: Small,Rocky Mountains
C1486,,98,16190,16140,16140,16950,City: Large,Far West
C0581,16118,98,25900,27440,29156,30758,Town: Distant,Great Lakes
C0112,38268,98,33550,35076,36110,37100,Suburb: Large,Far West
C0795,10341,94,25570,26620,27520,28095,Suburb: Large,Mid East
C0258,,,,,,,Town: Fringe,Southeast
C0963,20012,100,24930,26154,27426,28504,Town: Distant,Great Lakes
C0096,,90,19600,19600,19600,20200,City: Large,Far West
C0641,5534,99,24570,25700,26960,28020,Suburb: Large,Plains
C0539,13758,94,26248,27130,28166,28926,Suburb: Large,New England
C0024,15871,100,26730,28060,29450,30924,City: Midsize,Southeast
C0829,,,,,,,Suburb: Large,Mid East
C0544,27750,88,41299,42900,44700,46625,Suburb: Large,New England
C1352,112682,,,,,,Rural: Fringe,New England
C1111,9306,100,26346,27657,29037,30300,City: Midsize,Mid East
C1203,59223,100,30180,31280,32680,33650,Town: Distant,Southeast
C0763,11560,98,30470,31930,33420,35270,Suburb: Large,Mid East
C0393,23402,100,22050,23160,24300,25550,Town: Remote,Plains
C1501,12929,100,7560,9120,9480,9840,City: Large,Great Lakes
C0930,10246,77,4729,5393,5916,6241,City: Small,Southeast
C1312,63743,63,9416,9794,9790,9798,City: Large,Southwest
C1102,14979,99,33700,35240,36650,38200,City: Large,Mid East
C1218,14960,97,6351,6951,7269,7563,Town: Remote,Plains
C0184,4066,87,9290,9470,9710,9950,Suburb: Large,Mid East
C1321,4455,95,7360,7442,7646,7946,City: Large,Southwest
C1128,8347,81,13250,13636,13900,14240,Suburb: Large,Mid East
C0626,350972,77,41304,42942,44445,46167,Town: Distant,Plains
C0399,16789,85,23260,24360,25400,26310,City: Midsize,Plains
C0496,25610,99,22500,23540,24100,25000,Rural: Remote,New England
C0456,115910,100,26740,28250,29865,31560,City: Large,Southeast
C0548,39431,97,29525,30545,31575,32375,City: Midsize,New England
C0477,8535,94,4426,4864,5374,6192,City: Midsize,Southeast
C0394,38901,83,7417,7765,8057,8061,City: Small,Plains
C0439,4256,97,7084,6960,7320,7536,Town: Distant,Southeast
C1138,10441,93,12626,12994,13238,13550,Town: Distant,Mid East
C1371,3391,60,7860,8448,8808,9176,City: Small,Southeast
C0944,50593,99,21965,22720,23839,24566,City: Midsize,Southeast
C0702,59943,100,28450,29600,30200,31000,Suburb: Large,Plains
C0939,3278,92,4140,4643,4857,5144,Town: Distant,Southeast
C1410,27642,96,30825,32700,34800,36465,City: Large,Far West
C0144,,71,7214,7394,7494,7933,City: Large,Rocky Mountains
C1440,9039,99,22150,23260,24180,25160,Suburb: Large,Great Lakes
C1280,2011,81,6924,8076,8544,7429,City: Midsize,Southwest
C0806,81,91,4902,5432,5732,6032,City: Large,Mid East
C0864,25196,98,31980,33875,35520,37260,City: Large,Mid East
C1490,261,59,28210,29050,29910,31496,Suburb: Midsize,Southeast
C1426,3524,99,17910,18050,18100,18750,City: Small,Southeast
C0550,9733,88,11917,12797,13415,13443,Suburb: Large,New England
C1279,38425,98,11146,13374,11369,11369,Rural: Distant,Southwest
C0226,41755,100,33424,35078,36644,38330,Suburb: Midsize,Southeast
C0249,5101,95,7852,8344,8618,8790,Town: Distant,Southeast
C1284,23638,96,21600,22950,24150,25200,Suburb: Small,Southwest
C0044,36209,81,6768,7174,7554,7818,City: Small,Southeast
C1164,42422,66,39930,41110,42740,44430,Suburb: Large,Mid East
C0771,2730,87,11533,11963,12322,12322,Suburb: Midsize,Mid East
C0809,110,81,4912,5496,5796,6096,City: Large,Mid East
C0535,29310,95,30815,32210,33465,34715,Suburb: Large,New England
C1443,135566,99,36312,38481,40023,41226,City: Small,Great Lakes
C0300,7841,82,12056,12656,13122,13410,City: Large,Great Lakes
C0278,4948,80,5300,5566,5884,6292,City: Midsize,Rocky Mountains
C1507,,96,15024,15790,18000,21600,Suburb: Large,Rocky Mountains
C0895,172819,81,42042,43602,45219,46785,City: Small,Mid East
C0838,5766,100,26910,27810,29170,30290,City: Large,Mid East
C1100,2066,87,7732,8359,8596,8819,Town: Fringe,Mid East
C1116,14856,100,18000,18750,19520,20268,Town: Fringe,Mid East
C1341,176,86,21465,22545,22545,22885,City: Small,New England
C0294,,100,15750,16650,17595,18795,City: Large,Great Lakes
C0149,41918,87,13425,14453,15654,16485,Suburb: Large,Rocky Mountains
C0981,106676,64,40900,42630,44420,45640,Town: Distant,Great Lakes
C0850,12730,100,24369,25322,26324,27364,Suburb: Large,Mid East
C0598,3933,88,9088,9716,10078,10716,Suburb: Large,Great Lakes
C0779,6784,97,5400,5827,6513,6220,Suburb: Midsize,Southwest
C0803,4005,69,4999,5529,5829,6129,City: Large,Mid East
C0262,31428,92,17166,17670,18070,18670,Rural: Fringe,Southeast
C0429,27531,92,5054,5270,5486,5774,City: Midsize,Plains
C0362,2762,80,6163,6365,6576,6700,Suburb: Large,Great Lakes
C1384,54414,100,31214,32900,34971,36597,Suburb: Midsize,Southeast
C0214,,92,14176,15064,15664,16284,City: Midsize,Southeast
C1161,26599,92,23728,24856,26012,26802,Town: Fringe,Mid East
C0673,17838,84,19854,21043,22075,22295,City: Midsize,Plains
C1193,18743,98,24060,25050,26030,26800,City: Midsize,Southeast
C0340,8466,87,8214,8558,8980,9160,City: Small,Great Lakes
C1331,1608,87,3489,3888,4089,4291,City: Small,Rocky Mountains
C1011,6031,100,22410,23765,24690,25840,Suburb: Large,Great Lakes
C1411,10282,100,23454,23898,24900,25377,Suburb: Small,Far West
C0597,2801,98,21178,22388,23260,24168,City: Midsize,Great Lakes
C1030,17463,87,6779,7107,7442,7442,Town: Distant,Southwest
C0139,33310,82,22400,22850,23600,24500,Rural: Distant,Far West
C1211,6506,99,12176,12656,13266,13670,City: Small,Southeast
C0879,3788,84,6215,6574,6942,7327,Town: Distant,Mid East
C1374,31293,100,29905,30805,32005,33565,City: Small,Southeast
C0158,5991,98,30598,31188,31800,32424,City: Large,Rocky Mountains
C1125,8406,84,12720,13094,13350,13602,Suburb: Large,Mid East
C0948,63362,90,25626,26675,27740,29540,Suburb: Large,Southeast
C0986,32353,77,12786,13153,13594,13800,Town: Fringe,Great Lakes
C1145,2585,91,12176,12626,12890,13128,Suburb: Large,Mid East
C0729,23403,91,14998,15300,15600,15600,Town: Remote,Plains
C1066,15951,100,32720,34150,35620,36810,Suburb: Large,Mid East
C0542,4663,93,7065,7580,8080,8080,City: Small,New England
C0080,2387,74,5076,6488,6296,6525,City: Large,Far West
C0592,6804,99,30660,32500,34530,35920,City: Large,Great Lakes
C0474,1020,93,4000,4604,5242,5715,City: Small,Southeast
C0523,930009,65,40862,42898,44610,46574,Suburb: Large,New England
C0791,47891,100,34760,36780,38610,40540,Town: Remote,Mid East
C0281,92003,99,21380,22695,23355,24055,Suburb: Midsize,Rocky Mountains
C0066,14701,98,31000,32860,34360,35720,City: Midsize,Far West
C0219,2645,98,22150,23214,24414,25430,Suburb: Large,Southeast
C0766,13352,80,12069,12294,12590,12998,City: Large,Mid East
C1200,14368,99,10290,10530,10840,11087,City: Small,Southeast
C0911,364661,64,40243,41938,43623,45376,City: Midsize,Southeast
C0874,6730,80,6580,6994,7560,7995,Suburb: Large,Mid East
C0376,31921,99,26383,27438,28088,28753,Town: Distant,Great Lakes
C0990,31533,100,20616,21610,22628,23662,Town: Distant,Great Lakes
C0905,16115,100,15844,16794,16794,17355,City: Large,Southeast
C0802,15356,,,,,,City: Large,Mid East
C0093,821,100,22692,23814,25108,25888,Suburb: Large,Far West
C0677,969,98,4336,4553,5110,5220,City: Large,Plains
C0888,2624,91,6164,6502,6828,7179,Town: Distant,Mid East
C1487,12245,69,8617,10241,11911,11911,Suburb: Large,Far West
C0983,5695,98,12696,13176,16950,17655,Suburb: Large,Great Lakes
C0976,27948,100,22780,23670,24580,26180,Town: Distant,Great Lakes
C1438,13359,100,24065,25248,26475,27724,City: Small,Great Lakes
C1258,311592,65,39930,41332,42118,42978,City: Large,Southeast
C0347,77521,100,24655,25865,26895,27695,Suburb: Large,Great Lakes
C0561,5787,100,27157,28208,29112,30132,Suburb: Large,New England
C1167,1756,79,7680,8274,8620,8850,Suburb: Large,Mid East
C1056,5298,85,6444,6840,7109,7438,Suburb: Midsize,Far West
C0628,9275,99,27400,28500,29700,19700,City: Large,Plains
C0823,18893,98,28850,30192,31540,32770,Suburb: Large,Mid East
C1409,15069,97,28965,30339,32067,33813,City: Large,Far West
C1325,410997,94,30015,31356,32868,34678,City: Large,Southwest
C1065,8359,100,25480,26630,27950,29060,City: Small,Mid East
C0130,24298,71,36380,37424,38884,40294,City: Large,Far West
C1387,132618,100,30195,31095,32325,33605,Suburb: Midsize,Southeast
C1413,51447,55,8701,10574,12383,12397,City: Large,Far West
C0512,17107,99,28350,29700,30850,32050,City: Large,Mid East
C0842,66851,55,40082,41606,43204,44848,City: Large,Mid East
C1408,9649,95,26677,27897,28740,30284,Suburb: Midsize,Far West
C1531,935,100,27350,29240,29240,31300,City: Large,Mid East
C0807,1018,86,4939,5469,5769,6069,City: Large,Mid East
C1112,40027,100,27480,28356,29460,30470,Suburb: Large,Mid East
C0680,11048,99,21910,22882,23746,25002,Suburb: Large,Plains
C1063,78877,100,34810,36190,37610,39100,Town: Distant,Mid East
C0906,34639,99,22250,22860,23900,25200,Town: Fringe,Southeast
C0074,1234,88,4849,6095,6095,6100,City: Small,Far West
C1225,13557,87,23680,24960,26130,27380,City: Large,Southeast
C0975,7346,100,26798,28104,28914,29798,Town: Distant,Great Lakes
C0435,16159,100,17590,18340,19140,19640,City: Small,Southeast
C1473,58279,86,42192,43655,45004,46286,Rural: Fringe,Southwest
C1050,19689,86,7115,7600,8138,8322,City: Small,Far West
C1309,,,,,,,Town: Fringe,Southwest
C0520,109212,93,36738,38542,39944,41120,Town: Distant,Mid East
C1444,239,81,11550,12260,12860,13120,Town: Fringe,Great Lakes
C0774,690,87,11238,11464,11694,11918,Suburb: Large,Mid East
C1236,13326,92,22908,24052,24960,24960,City: Small,Southeast
C0068,414,75,,,15190,15816,City: Large,Far West
C1132,9244,94,12616,13040,13300,13412,Rural: Fringe,Mid East
C0404,1934,85,22350,23356,24400,24400,Rural: Remote,Plains
C0162,6939,93,26370,27330,28140,29090,City: Midsize,New England
C0681,1144,100,18700,19650,20764,21790,Suburb: Large,Plains
C1209,1349,97,9242,9596,9892,10198,Suburb: Midsize,Southeast
C1450,31282,100,25241,26566,28568,29990,Town: Remote,Great Lakes
C1362,41565,100,12330,12340,15308,15838,City: Large,Southeast
C0532,2933,79,7053,7552,8053,8053,Suburb: Large,New England
C1001,102736,99,36398,37820,39150,40510,Suburb: Large,Great Lakes
C0426,14161,100,20656,21680,22756,23886,Town: Distant,Plains
C0173,36852,89,34250,36130,38000,39330,Suburb: Large,New England
C0751,4502,95,31060,32538,33792,34882,Suburb: Large,Mid East
C1354,3595,99,19655,20450,21273,22000,Rural: Fringe,New England
C1026,1715,94,4385,4602,4857,4992,Town: Remote,Southwest
C1393,177204,82,12328,13184,13760,14404,Town: Distant,Southeast
C0515,,93,7920,7920,7920,9830,City: Large,Mid East
C0286,9032,100,18700,19450,20100,20720,Suburb: Large,Great Lakes
C1153,41919,100,27365,28804,29846,30350,Suburb: Large,Mid East
C0114,86534,,,,,,Suburb: Midsize,Far West
C1256,8281,99,19920,20910,21620,22250,Town: Distant,Southeast
C0011,,100,7370,8090,8090,8090,Town: Distant,Southeast
C0251,5272,91,8698,9410,8157,8368,City: Large,Southeast
C0933,13884,80,4973,5765,6136,6382,City: Large,Southeast
C1105,168081,68,39780,40960,42220,43520,City: Small,Mid East
C1422,34082,100,21120,22320,23820,24992,Town: Remote,Southeast
C1160,9745,89,12424,13596,13596,14096,City: Large,Mid East
C0466,8196,94,5545,5896,6574,7302,Town: Distant,Southeast
C0154,2499,90,6248,6548,6870,6725,City: Small,Rocky Mountains
C1025,19868,94,3831,4112,4255,3815,Rural: Distant,Southwest
C0324,11632,100,23000,24140,25180,25834,Town: Remote,Great Lakes
C0819,5887,98,18530,18940,19440,19940,Suburb: Large,Mid East
C0722,377,88,5880,6280,6510,6550,City: Large,Plains
C1465,3882,81,8151,8675,9181,9300,City: Large,Great Lakes
C0124,12396,93,27100,28310,29510,30356,City: Large,Far West
C0805,821,86,4940,5508,5808,6108,City: Large,Mid East
C0712,2635,87,3696,3947,4111,4141,Town: Remote,Rocky Mountains
C0033,1665,100,9750,10500,11700,12000,City: Large,Southwest
C0602,11860,86,24633,26278,27870,28948,City: Small,Great Lakes
C0320,3355,96,11676,12422,13066,12976,Suburb: Small,Great Lakes
C1366,30190,100,24945,26375,27425,28585,Rural: Distant,Southeast
C1285,57169,99,20830,22045,23480,24296,City: Midsize,Southwest
C0078,1788,71,4810,6240,6052,6240,City: Large,Far West
C1198,4753,99,9154,9504,9792,10100,Town: Distant,Southeast
C0314,12043,100,23130,24190,25340,26050,Suburb: Large,Great Lakes
C0508,12068,73,8416,8655,8908,9162,Suburb: Large,Mid East
C1235,24638,100,15922,17081,20468,20468,Town: Distant,Southeast
C0179,,81,7909,8104,8440,8893,City: Small,New England
C0731,14224,94,5561,5630,6602,6610,City: Midsize,Far West
C0521,39288,99,33280,34780,35800,36960,Suburb: Small,Mid East
C0385,52507,96,31050,32920,34705,36430,Town: Fringe,Plains
C0120,15273,100,25221,25965,26640,27480,Rural: Fringe,Far West
C0934,2872,97,4561,4801,5200,5526,City: Midsize,Southeast
C1055,328925,53,41200,42800,44460,46010,City: Large,Far West
C0855,25980,98,17280,18100,19200,20700,City: Large,Mid East
C1369,54657,90,18074,18798,19738,20724,City: Midsize,Southeast
C1123,9223,94,12616,12994,13238,13354,Rural: Fringe,Mid East
C0486,5883,96,9022,9367,9367,9167,Town: Remote,New England
C0125,1146818,68,38394,39883,41438,43580,Suburb: Large,Far West
C0092,3240,100,26000,27300,28500,29630,City: Midsize,Far West
C0208,5871,90,14024,14604,15000,14776,Suburb: Large,Southeast
C1226,518,94,12242,13552,14520,15714,Town: Distant,Southeast
C1253,5489,98,5704,6088,6426,6498,City: Large,Southeast
C0225,6553,100,22770,23910,25110,26370,Suburb: Large,Southeast
C0038,4498,,,,,,City: Large,Southwest
C0175,11878,100,28530,30310,31826,33417,City: Small,New England
C0910,292976,62,36683,38866,40809,42849,Suburb: Large,Southeast
C0746,396,100,16100,17600,19200,19800,Suburb: Midsize,New England
C0723,24545,100,23474,24656,25918,27242,City: Large,Plains
C1185,6909,98,16370,17190,18254,18254,City: Midsize,Southeast
C0415,22079,100,20040,21030,22500,23430,City: Large,Plains
C0017,10086,99,9896,10490,11014,11454,Suburb: Large,Southeast
C1328,4935,100,11050,11050,11382,11382,Town: Distant,Southwest
C0484,3673,79,13450,14435,14540,15130,City: Small,New England
C1305,,99,6185,6910,7504,7620,Town: Distant,Southwest
C1058,2058,100,24380,25406,26431,27431,City: Midsize,Far West
C0886,12326,82,6504,6829,7230,7573,Suburb: Large,Mid East
C0431,55979,100,9500,9600,10100,10620,Rural: Remote,Southeast
C0994,44521,99,33099,34380,35678,36720,Town: Fringe,Great Lakes
C0433,13239,100,30310,32140,33270,34890,City: Large,Southeast
C1004,3661,96,6546,6762,6988,7177,Town: Fringe,Great Lakes
C0642,24444,100,32246,34308,36218,37926,Suburb: Midsize,Plains
C1175,13776,99,24429,25407,26412,27456,City: Midsize,New England
C0611,8753,95,7380,7560,7740,8100,City: Small,Great Lakes
C0640,2207,100,16340,17400,19066,19996,City: Large,Plains
C0684,5765,97,5227,5676,6007,6400,City: Small,Plains
C1454,12103,99,20850,21870,22670,23330,City: Small,Great Lakes
C0575,934,88,7431,7886,8297,8694,Suburb: Large,New England
C1397,599001,63,40387,41927,43362,44507,Town: Distant,Southeast
C0348,112373,100,24500,25700,26900,28500,City: Small,Great Lakes
C0826,43179,100,27340,28380,29460,30460,City: Midsize,Mid East
C0132,69357,84,37368,39048,40572,42156,City: Midsize,Far West
C1323,14031,98,18710,19760,20840,22040,City: Large,Southwest
C1316,134191,75,30090,32490,34590,36590,City: Large,Southwest
C0206,11992,95,32294,34990,36020,36020,City: Small,Southeast
C0425,11456,100,19960,20770,21980,23170,Town: Fringe,Plains
C1049,6769,89,7260,7889,7852,8548,Town: Remote,Far West
C1036,19940,95,17516,19705,20765,20595,Rural: Fringe,Southwest
C0048,824,98,4990,5290,5560,5793,Town: Remote,Southeast
C0459,163053,100,24080,25290,29500,30740,City: Midsize,Southeast
C1263,8035,97,21700,22920,23600,25880,City: Large,Southwest
C0400,7364,87,7008,7350,7635,7685,City: Small,Plains
C0847,20754,99,22985,23695,24408,25261,Rural: Distant,Mid East
C0527,2496,100,26880,28490,30340,31500,City: Midsize,New England
C1028,27015,99,17456,18456,18800,18800,City: Large,Southwest
C0475,1437,98,4584,5074,5810,6630,City: Midsize,Southeast
C0353,4586,87,6545,6708,6876,7013,City: Large,Great Lakes
C0133,289527,61,40450,41950,43620,45564,Suburb: Large,Far West
C0085,34375,62,10781,12686,12692,12697,City: Large,Far West
C0178,208049,51,42384,43974,45928,47244,City: Small,New England
C0387,36792,99,26960,28382,29556,30889,City: Midsize,Plains
C0049,2317,95,6908,7183,7333,7595,City: Small,Southeast
C0627,33370,100,27160,29360,30860,32814,Suburb: Midsize,Plains
C1324,3383,93,5428,5429,7050,7339,City: Midsize,Southwest
C0026,6100,98,11111,11143,11492,11492,Town: Distant,Southeast
C0103,3387,74,5750,7062,7135,7144,Town: Remote,Far West
C0695,7356,97,17280,18200,19150,20040,Town: Distant,Plains
C0164,1591,,,,,,Suburb: Large,New England
C0759,2233,77,10016,10646,11058,11318,Suburb: Large,Mid East
C0365,11964,99,24960,26000,27300,28400,City: Large,Great Lakes
C0361,1924,79,6193,6408,6626,6739,City: Small,Great Lakes
C0479,46059,99,17100,17900,18700,20560,City: Large,Southeast
C0409,42514,98,20026,21677,22624,23305,Town: Remote,Plains
C1491,,92,13720,14320,14800,15400,City: Small,Southeast
C1122,10666,99,12522,12994,13244,13318,Suburb: Large,Mid East
C0401,35950,100,23330,24630,25740,26764,Town: Distant,Plains
C1163,2865,98,16325,17377,18367,19394,Suburb: Large,Mid East
C1467,3121,84,6894,7277,7700,7720,Town: Distant,Great Lakes
C0540,,86,24600,25778,26775,27575,City: Large,New England
C1469,35762,92,3927,4125,4278,4404,Town: Remote,Rocky Mountains
C1464,60936,64,8983,9665,10378,10403,City: Midsize,Great Lakes
C1007,2657,96,8491,8788,9275,9275,City: Large,Great Lakes
C0846,11184,99,33702,35032,36614,38069,City: Large,Mid East
C0555,248174,79,40256,41456,41456,41456,Suburb: Large,New England
C1407,103991,97,37225,38720,40250,41868,City: Midsize,Far West
C1533,350,100,20444,21444,22686,24222,City: Midsize,Far West
C0848,30868,94,36284,37882,39566,41328,City: Large,Mid East
C0984,7391,100,22444,23420,24536,25678,City: Small,Great Lakes
C0757,1059,78,9815,10200,10601,10918,Suburb: Large,Mid East
C1385,13689,100,26080,27940,28800,29934,City: Small,Southeast
C0274,63,85,5416,5944,6184,6536,Town: Remote,Far West
C0836,7569,97,22130,23300,24420,25710,Suburb: Large,Mid East
C0166,13387,77,10416,10670,11242,12022,Suburb: Large,New England
C1239,3331,94,12220,12680,13370,13750,City: Small,Southeast
C1299,127702,76,37230,39430,41750,43800,Suburb: Large,Southwest
C0207,5533,91,5102,5678,6417,6496,Suburb: Large,Southeast
C0694,71318,93,32656,33986,35256,36726,City: Large,Plains
C1018,18487,96,7199,7451,7712,8129,City: Small,Great Lakes
C0714,7436,87,5076,5340,5600,5600,Town: Remote,Plains
C0966,186652,88,37648,39120,40490,41800,City: Large,Great Lakes
C0595,38197,100,29206,29988,33946,35600,City: Midsize,Great Lakes
C0596,1874,100,14250,11860,12424,12235,City: Small,Great Lakes
C0118,156752,69,40939,42871,44570,46652,City: Large,Far West
C1021,11081,100,18354,19794,21174,22044,Suburb: Large,Southwest
C0605,1332,100,18056,19122,20010,19920,Suburb: Large,Great Lakes
C1400,1985,88,6605,7240,7933,7961,Town: Fringe,Far West
C0643,1366,86,6660,7105,7472,7514,City: Small,Plains
C0612,1682,90,7864,8414,8709,9037,Town: Remote,Great Lakes
C1012,20831,100,12470,12470,13250,15140,Rural: Fringe,Great Lakes
C1186,2753,97,19500,20550,21450,22200,Suburb: Large,Southeast
